,a,b
0,AAB,Average At Best
1,AAC,Apple Audio Compression
2,AAF,Always and Forever
3,AAK,Alive And Kicking
4,AAMOF,As A Matter Of Fact
5,AAP,Always A Pleasure
6,AAR,At Any Rate
7,AARP,American Association of Retired Persons
8,AAT,And Another Thing At All Times
9,AAWY,And Also With You
10,AAYF,"As Always, Your Friend"
11,ABC,American Born Chinese
12,ABD,Already Been Done
13,ABDC,America’s Best Dance Crew (TV show)
14,ABF,All But Face
15,ABFAB,Absolutely Fabulous
16,ABG,Asian Baby Girl
17,ABH,Actual Bodily Harm
18,ABP,Already Been Posted
19,ABU,Anyone but (Manchester) United
20,AC,Air Conditioning Alternating Current
21,ACLU,American Civil Liberties Union
22,ACME,A Company that Makes Everything
23,ACP,Automatic Colt Pistol
24,ACTA,Anti-Counterfeiting Trade Agreement
25,ACU,Army Combat Uniform
26,AD,Anno Domini (in the year of our Lord)
27,ADAD,Another Day Another Dollar
28,ADD,Attention Deficit Disorder
29,ADED,All Day Every Day
30,ADGTH,All Dogs Go To Heaven
31,ADHD,Attention Deficit Hyperactivity Disorder
32,ADL,All Day Long
33,ADN,Any Day Now
34,ADR,All Due Respect
35,ADS,Aim(ing) Down Sights
36,ADSL,Asymmetric Digital Subscriber Line
37,ADTR,A Day To Remember (band)
38,AE,American Eagle (clothing)
39,AEAE,And Ever And Ever
40,AEAP,As Early As Possible
41,AFAIA,As Far As I’m Aware
42,AFAIAA,As Far As I Am Aware
43,AFAIAC,As Far As I Am Concerned
44,AFAIC,As Far As I’m Concerned
45,AFAICS,As Far As I Can See
46,AFAICT,As Far As I Can Tell
47,AFAIK,As Far As I Know
48,AFAIR,As Far As I Remember
49,AFAP,As Far As Possible
50,AFC,Away From Computer
51,AFFA,"Angels Forever, Forever Angels"
52,AFI,A Fire Inside (Band)
53,AFK,Away From Keyboard
54,AFL,Australian Football League
55,AFN,All For Now
56,AFP,Away From Phone
57,AFRL,Away From Real Life
58,AFS,"Always, Forever and Seriously"
59,AGC,Automatic Gain Control
60,AGH,Ain’t Gonna Happen
61,AGM,Annual General Meeting
62,AGP,Accelerated Graphics Port
63,AGT,America’s Got Talent (TV show)
64,AGW,All Going Well
65,AI,Artificial Intelligence As If
66,AIB,Am I Boverd?
67,AIDS,Acquired Immune Deficiency Syndrome
68,AIGF,All In Good Fun
69,AIIC,As If I Care
70,AIKRN,All I know right now
71,AIMH,Always In My Heart
72,AINEC,And It’s Not Even Close
73,AIO,All In One
74,AISB,As I Said Before
75,AISI,As I See it
76,AITR,Adult In The Room
77,AITYD,And I Think You Do
78,AIUI,As I Understand it
79,AIYC,As If You Care
80,AJ,Apple Juice
81,AKTF,Always Keep the Faith
82,ALF,Animal Liberation Front
83,ALG,Ain’t Life Grand
84,ALIHAL,At Least I Have A Life
85,ALKQN,Almighty Latin King and Queen Nation
86,ALOL,Actually Laughing Out Loud
87,ALOTBSOL,Always Look On The Bright Side Of Life
88,ALU,Arithmetic Logic Unit
89,ALWP,Actual Laughter Was Produced
90,AM,Ante Meridiem (before midday) Amplitude Modulation (radio signal)
91,AMA,Ask Me Anything Against Medical Advice
92,AMAA,Ask Me Almost Anything
93,AMAP,As Much/Many As Possible
94,AMC,American Motors Corportation
95,AMD,Advanced Micro Devices
96,AMG,Ah My God
97,AML,All My Love
98,AMN,Any Minute Now
99,AMOF,As a Matter of Fact
100,AMOG,Alpha Male Of Group
101,AMT,Alpha-Methyltryptamine
102,AMV,Anime Music Video
103,AMW,America’s Most Wanted (TV show)
104,AN,Author’s Note
105,ANC,African National Congress
106,ANFAWFOS,And Now For A Word From Our Sponsor
107,ANFSCD,And Now For Something Completely Different
108,ANSI,American National Standards Institute
109,ANTM,America’s Next Top Model
110,ANZAC,Australian and New Zealand Army Corps
111,AO,Adults Only
112,AOB,Any Other Business
113,AOD,All Of Day
114,AOE,Area Of Effect
115,AOK,Age of Kings (game) All OK
116,AOM,Age of Mythology (game)
117,AON,All Or Nothing As Of Now
118,AOS,Ahead Of Schedule
119,AOT,As Opposed To Among Other Things
120,AOTA,All Of The Above
121,AOTS,Attack of the Show (TV show)
122,AOW,All Out War
123,AOYP,Angel on Your Pillow
124,AP,Associated Press
125,APB,All Points Bulletin
126,APC,Armoured Personnel Carrier
127,API,Application Programming Interface
128,APM,Actions Per Minute
129,APN,As Per Normal
130,APO,Authorized Personnel Only
131,APU,As Per Usual
132,APYR,As Per Your Request
133,AQ,Adventure Quest (game)
134,AQAP,As Quickly As Possible
135,AQF,"Ay Que Funny,"
136,AR,Assault Rifle
138,ARK,Act of Random Kindness
139,ARPA,Advanced Research Projects Agency (made early internet)
140,ARPANET,Advanced Research Projects Agency Network (early internet)
141,ARPU,Average Revenue Per User
142,ASAIC,As Soon As I Can
143,ASAIK,As Soon As I Know
144,ASAP,As Soon As Possible
145,ASAS,As Soon As Sensible
146,ASAT,As Simple As That
147,ASAYC,As Soon As You Can
148,ASBO,Anti Social Behaviour Order
149,ASCII,American Standard Code for Information Interchange
150,ASPCA,American Society for the Prevention of Cruelty to Animals
151,AT&T,American Telephone & Telegraph
152,ATA,Ait To Air Actual Time of Arrival
153,ATAP,"Any Time, Any Place"
154,ATB,All The Best
155,ATC,Air Traffic Control
156,ATD,Attention to Detail
157,ATEOTD,At The End Of The Day
158,ATF,All Time Favorite
159,ATGATT,All The Gear All The Time (motorcycling)
160,ATH,All Time High
161,ATM,At The Moment Automated Teller Machine (cash machine)
162,ATMO,According To My Opinion
163,ATN,Any Time Now
164,ATOY,Always Thinking of you
165,ATQ,Answer The Question
166,ATST,At The Same Time
167,ATT,At This Time All The Time
168,ATTT,Ain’t That The Truth
169,ATV,All Terrain Vehicle
170,ATVB,All The Very Best
171,ATW,All The Way
172,ATWA,"Air, Trees, Water, Animals  All The Way Alive"
173,BAC,Back At Computer Blood Alcohol Content By Any Chance
174,BACS,Bankers Automated Clearing System
175,BAGL,Bust A Gut Laughing
176,BAH,Bored As Hell
177,BB,Big Brother Be Back
178,BB4N,Bye-Bye For Now
179,BBAM,Be Back After Meal
180,BBB,Bugging Beyond Belief
181,BBBW,Big Beautiful Black Woman
182,BBC,British Broadcasting Corporation
183,BBEG,Big Bad Evil Guy
184,BBFL,Best Buds For Life
185,BBFN,Bye Bye For Now
186,BBG,Best Be Going
187,BBIAB,Be Back In A Bit
188,BBIAF,Be Back In A Few
189,BBIAM,Be Back In A Minute
190,BBIAS,Be Back In A Sec
191,BBIAW,Be Back In A While
192,BBK,Boy Better Know
193,BBL,Be Back Later
194,BBM,Blackberry Messaging
195,BBML,Be Back Much Later
196,BBN,Be Back Never
197,BBO,Being Bored Online
198,BBQ,Barbecue Better Be Quick
199,BBR,"Blonde, Brunette, Redhead"
200,BBS,Be Back Soon Bulletin Board System
201,BBT,Be Back Tomorrow
202,BBV,Brags Beats and Variance (poker)
203,BBW,Big Beautiful Woman
204,BBWL,Be Back Way Later
205,BC,Before Christ
206,BCBW,Bow Chica Bow Wow
207,BCC,Blind Carbon Copy
208,BCD,Behind Closed Doors
209,BCE,Before Common Era (like  )
210,BCF,Best Cousin Forever
211,BCG,Birth Control Glasses
212,BCS,Bowl Championship Series
213,BD,Big Deal
214,BDN,Busy Doing Nothing
215,BDOML,Best Day Of My Life
216,BDU,Brain Dead User Battle Dress Uniform
217,BFA,Best Friends Always
218,BFAB,Born From A Boombox Back For A Bit
219,BFAM,Brother From Another Mother
220,BFB,Better From Behind
221,BFF,Best Friends Forever Big Fat Friend/Female
223,BFFAE,Best Friends Forever And Ever Best Friends For All Eternity
225,BFFL,Best Friend For Life
226,BFFLE,Best Friends For Like Ever
227,BFFLTDDUP,Best Friends For Life Till Death Do Us Part
228,BFFN,Best Friend For Now
229,BFFWB,Best Friend Forever With Benefits
230,BFITW,Best Friend In The World
231,BFK,Big Fat Kiss
232,BFMV,Bullet For My Valentine (band)
233,BFN,Bye For Now
234,BFP,Bad For Pics Big Fat Positive ie pregnant
235,BFTP,Blast From The Past
236,BFUT,Best Friends Until Tomorrow
237,BFWB,Best Friend With Benefits
238,BG,Bad Game Baby Gangster
239,BGD,Black Gangster Disciples
240,BGF,Best Girl/Guy Friend
241,BGL,"Big Game License, likes fat people"
242,BGM,Background Music
243,BGT,Britain’s Got Talent (TV show)
244,BH,Be Happy Bloody Hell Big Head
245,BHD,Bad Hair Day
246,BHH,Bless His/Her Heart
247,BHL8,Be Home Late
248,BHM,Big Handsome Man
249,BHO,Barak Hussein Obama
250,BHS,Be Home Soon
251,BIAB,Back In A Bit
252,BIC,Believe It Comrade
253,BICBW,But I Could Be Wrong
254,BIEH,Best I Ever Had
255,BIFFL,Best Internet Friend For Life
256,BING,But It’s Not Google
257,BM,Bowel Movement Black Man BMW
258,BM4L,Best Mates For Life
259,BMAK,Blow Me A Kiss
260,BMB,Bebo Me Back
261,BMBO,Blow My Brains Out
262,BME,Body Modification Ezine
263,BMFE,Best Mates Forever
264,BMFL,Best Mates For Life
265,BMG,Be My Guest
266,BMI,Body Mass Index
267,BML,Bless My Life
268,BMOC,Big Man On Campus
269,BMS,Bitchy Men Syndrome
270,BMT,Before My Time Basic Military Training
271,BMTH,Bring Me The Horizon (Band)
272,BMTTVE,Best Mates ‘Til The Very End
273,BMUS,"Beam me up, Scotty"
274,BMV,Be My Valentine
275,BMW,Bavarian Motor Works (car manufacturer)
276,BMX,Bicycle Motocross
277,BNB,Bad News Bears Bed ‘N’ Breakfast Bread ‘N’ Butter
278,BNF,Big Name Fan
279,BNI,Batteries Not Included
280,BNIB,Brand New In Box
281,BNOC,Big Name On Campus
282,BNP,British National Party
283,BNR,But Not Really
284,BNWOT,Brand New Without Tags
285,BNWT,Brand New With Tags
286,BO,Body Odour
287,BOAT,Bust Out Another Thousand
289,BOBFOC,"Body Off Baywatch, Face Off Crimewatch"
290,BOED,Book of Exalted Deeds ( )
291,BOGO,Buy One Get One
292,BOGOF,Buy One Get One Free
293,BOGSAT,Bunch Of Guys Sitting Around Talking
294,CC,Credit Card Carbon Copy Crowd Control Country Code
295,CCC,Coricidin Cough & Cold (Dextromethorophan or DXM).
296,CCG,Collectible Card Game
297,CCIE,Cisco Certified Internetwork Expert
298,CCL,Couldn’t Care Less
299,CCNA,Cisco Certified Network Associate
300,CCR,Creedence Clearwater Revival (band)
301,CCTV,Closed-Circuit Television
302,CCW,Counterclockwise Carrying a Concealed Weapon
303,CD,Compact Disc Cross Dresser
304,CDC,Cult of the Dead Cow Crudely Drawn Cock
305,CDMA,Code Division Multiple Access (voice/data transmission)
306,CD-RW,Compact Disk Rewritable
307,CLWY,Can’t Live Without You
308,CM,Call Me
309,CMAR,Cry Me A River
310,CMB,Call Me Back
311,CME,Close My Eyes
312,CMEO,Crying My Eyes Out
313,CMH,Cross My Heart
314,CMHO,Cry My Heart Out
315,CMI,Count Me In
316,CMIIW,Correct Me If I’m wrong.
317,CMIYC,Catch Me If You Can
318,CML,Call Me Later
319,CMN,Call Me Now
320,CMOS,Complementary Metal-Oxide Semiconductor
321,CMS,Content Management System
322,CMU,Cracks Me Up
323,CMYK,"Cyan, Magenta, Yellow, Key/blacK"
324,CNN,Cable News Network
325,CNY,Chinese New Year
326,CO,Commanding Officer Corrections Officer Company Counter Offer
327,COA,Certificate Of Authenticity
328,COD,Cash On Delivery  Call Of Duty
329,COL,Crying Out Loud
330,CRB,Criminal Records Bureau (UK)
331,CRBT,Crying Real Big Tears
332,CWTSY,Can’t Wait To See You
333,CWYL,Chat With You Later.
334,CYB,Count Your Blessings
335,CYBI,Can You Believe It?
336,CYDI,Can You Dig It?
337,CYDM,Check Your Direct Messages
338,CYE,Check Your Email
339,CYF,Cross Your Fingers
340,CYL,Catch You Later
341,CYM,Check Your Mail
342,DLN,Don’t Look Now
343,DLS,Dirty Little Secret
344,DLTBBB,Don’t Let The Bed Bugs Bite
345,DLTBGYD,Don’t Let The Bastards Grind You Down
346,DLTM,Don’t Lie To Me
347,DLV,Demonstration of Lower Value
348,DM,Don’t Mind Doesn’t Matter Direct Message
349,DMAF,Don’t Make A Fuss
350,DMAL,Drop Me A Line
351,DMB,Dave Matthews Band
352,DMC,Deep Meaningful Conversation
353,DMCA,Digital Millennium Copyright Act
354,DMI,Don’t Mention It
355,DMIID,Don’t Mind If I Do
356,DMM,Don’t Mind Me
357,DMML,Don’t Make Me Laugh
358,DMS,Dirty Money Syndicate
359,DMT,Di-Methyl Tryptamine (drug)
360,DMTA,Dirty Minds Think Alike
361,DMV,Department of Motor Vehicles
362,DMW,Dead Man Walking
363,DMX,Dark Man X (rapper)
364,DMY,Don’t Mess Yourself
365,DMZ,De-militarized zone
366,DN,Doing Nothing
367,DNA,Deoxyribonucleic Acid Did Not Attend Does Not Apply
368,DNC,Democratic National Committee
369,DND,Do Not Disturb
370,DNDC,"Don’t Know, Don’t Care"
371,DNE,Do Not Erase Does Not Exist
372,DNF,Did Not Finish
373,DNFTT,Do Not Feed The Troll
374,DNK,Do Not Know
375,DNM,Does Not Matter Deep and Meaningful
376,DNP,Do Not Post
377,DNR,Do Not Resuscitate
378,DNS,Domain Name Service Did Not Start
379,DNTK,Don’t Need To Know
380,DNW,Do Not Want
381,DOA,Dead On Arrival Deteriorate On Approach
382,DOB,Date Of Birth
383,DOC,Doctor Drug of Choice
384,DOD,Day of Defeat
385,DOE,Depends On Experience
386,DOF,Depth of Field
387,DOFL,Dying On Floor Laughing
388,DRT,Dead Right There
389,DS,Darling Son
390,DSD,Do Some Damage
391,DSL,Digital Subscriber Line
392,DSLR,Digital Single Lens Reflex (camera)
393,DSP,Digital Signal Processing
394,DSS,Department of Social Services
395,DST,Daylight Saving Time
396,DT,Down Town
397,DTA,Don’t Trust Anyone
398,DTAM,Death To All Men
399,DTB,Don’t Text Back
400,DTC,Down To Cuddle
401,DTD,Drunk Till Dawn Drunk Till Death
402,DTE,Down To Earth
403,DTH,Down To Hang
404,DTL,Does The Look
405,DTM,Doing Too Much Dead To Me
406,DTMS,Does That Make Sense?
407,DTMWTD,Don’t Tell Me What To Do
408,DTP,Disturbing The Peace
409,DTR,Define The Relationship
410,DTRT,Do The Right Thing
411,DTS,Down The Shore Down To Snuggle
412,DTT,Don’t Touch That
413,DTTC,Don’t Text The Cell
414,DTTM,Don’t Talk To Me
415,DTYT,Don’t Take Your Time
416,EBM,Electronic Body Music
417,EBT,Electronic Benefits Transfer
418,ELOL,Evil Laugh Out Loud
419,EOB,End Of Business
420,EOC,End Of Conversion
421,EOD,End Of Discussion
422,EOE,Equal Opportunity Employer
423,EOF,End Of File
424,EOG,End Of Grade
425,EOL,End Of Lecture
426,EOM,End Of Message
427,EOR,End Of Rant
428,EOS,End Of Show
429,EOT,End Of Thread (i.e. end of discussion)
430,EOTD,End Of The Day
431,EOTW,End Of The World
432,EOTWAWKI,End Of The World As We Know It
433,EOW,End Of Watch
434,EPOS,Electronic Point Of Sale
435,EPROM,Electronically Programmable ROM
436,ERP,Erotic Role-Play
437,ESA,European Space Agency
438,ESB,Empire Stikes Back (Star Wars)
439,ESD,Electro-Static Discharge
440,ESL,English as Second Language
441,ESOL,English for Speakers of Other Languages
442,ESP,Extra Sensory Perception
443,ESPN,Entertainment and Sports Programming Network
444,ESRB,Entertainment Software Rating Board
445,EST,Eastern Standard Time Established
446,ESTD,Easier Said Than Done
447,ET,Extra Terrestrial
448,ETA,Estimated Time of Arrival Edited to Add
449,ETC,Et Cetera (and so on)
450,ETD,Estimated Time of Departure
451,ETF,Escape The Fate (band)
452,ETID,EveryTime I Die (band)
453,ETW,Enjoy The Weekend
454,EU,European Union
455,EUA,End User Agreement
456,EUC,Excellent Used Condition
457,EULA,End User License Agreement
458,EV,Expected Value
459,FYA,For Your Amusement
460,FYC,For Your Convenience For Your Consideration
461,FYE,For Your Entertainment
462,FYEO,For Your Eyes Only
463,FYI,For Your Information
464,FYK,For Your Knowledge
465,FYM,Free Your Mind
466,FYP,Fixed Your Post
467,FYR,For Your Review For Your Records
468,FYT,For Your Time
469,G O A T,Greatest Of All Time
470,GA,Go Ahead
471,GAC,Guilty As Charged Get A Clue
472,GAFIA,Get Away From It All
473,GAFM,Get Away From Me
474,GB,Great Britain Gigabyte
475,GBA,God Bless America
476,GBFN,Goodbye for Now
477,GBH,Grievous Bodily Harm
478,GBML,Good Bye My Love
479,GBNF,Gone But Not Forgotten
480,GBP,Great British Pounds (Sterling)
481,GBTM,Get Back To Me
482,GBTW,Get Back To Work
483,GBU,God Bless You
484,GBWY,God Be With You
485,GBY,God Bless You
486,GC,Good Contition
487,GCF,Good Clean Fun
488,GCMG,God Calls Me God
489,GCSE,General Certificate of Secondary Education (UK)
490,GCWOK,Gay Couple Without Kids
491,GD,Gangsta Disciple
492,GDFR,Going Down For Real
493,GDI,God Damn It
494,GDP,Gross Domestic Product
495,GE,Good Evening
496,GED,General Educational Development
497,GFA,Grenade Free America
498,GFAK,Go Fly A Kite
499,GFC,Global Financial Crisis
500,GFETE,Grinning From Ear To Ear
501,GFF,Grenade Free Foundation
502,GFI,Go For It
503,GFN,Gone For Now
504,GFP,Good For Pics
505,GFTW,Go For The Win
506,GFU,Good For You
507,GFWL,Games For Windows Live
508,GFY,Good For You
509,GG,Good Game
510,GGA,Good Game All
511,GGBB,Good Game Bye Bye
512,GGG,"Good, Giving, and Game (in bed)"
513,GGN,Gotta Go Now
514,GGNORE,Good Game No Rematch
515,GGOH,Gotta Get Outta Here
516,GH,Guitar Hero
517,GHB,Gamma Hydroxybutyrate (drug)
518,GHD,Good Hair Day
519,GIWIST,"Gee, I Wish I’d Said That."
520,GIY,Google It Yourself
521,GIYF,Google Is Your Friend
522,GJ,Good Job
523,GJOAC,Go Jump Off A Cliff
524,GJWHF,Girls Just Wanna Have Fun
525,GK,Good Kid
526,GKY,Go Kill Yourself
527,GL,Good Luck Good Looking
528,GL HF,"Good Luck, Have Fun"
529,GLA,Good Luck All
530,GLAG,Giggling Like A Girl
531,GLOTR,Good Luck On The Rebuild
532,GLTA,Good Luck to All
533,GLTY,Good Luck To You
534,GLU,Guys/Girsl Like Us
535,GLWS,Good Luck With Sale
536,GLWT,Good Luck With That
537,GM,General Motors Good Morning Genetically Modified Good Move
538,GMA,"Good Morning, America"
539,GMAB,Give Me A Break
540,GMT,Greenwich Mean Time
541,GMTA,Great Minds Think Alike
542,GMV,Got My Vote
543,GMY,Good Man Yourself
544,GN,Good Night
545,GND,Girl Next Door
546,GNE,Good Night and Everything
547,GNFB,Good Night Facebook
548,GNSD,"Good Night, Sweet Dreams"
549,GOAT,Greatest Of All Time
550,GOMER,"Get Out of My Emergency Room, unwelcome patient"
551,GOMF,Get Outta My Face
552,GOML,Get On My Level
553,GOOMF,Get Out Of My Face
554,GOOML,Get Out Of My Life
555,GOP,Grand Old Party
556,GP,General Principle
557,GPA,Grade-Point Average
558,GPC,Generic Pack of Cigarettes Get/Post/Cookie (web pages)
559,GPL,General Public License
560,GPOY,Gratuitous Picture Of Yourself
561,GPOYW,Gratuitous Picture Of Yourself Wednesday
562,GPRS,General Packet Radio Services
563,GPS,Global Positioning System
564,GPU,Graphics Processing Unit
565,GR,Gotta Run
566,GSD,Getting Stuff Done
567,GSM,Global System for Mobile communications
568,GSOH,Good Sense Of Humor
569,GSR,Gun Shot Residue
570,GSTQ,God Save The Queen
571,GSW,Gun Shot Wound
572,GTB,Go To Bed
573,GTBB,Good To Be Back
574,GTBOSH,Glad To Be Of Some Help
575,GTD,Getting Things Done
576,GTG,Got To Go
577,GTGG,Got To Get Going
578,GTH,Go To Hell
579,GTHBA,Good Times Had By All
580,GTHO,Get The Hell Out
581,GTK,Good To Know
582,GTM,Giggling To Myself
583,GTO,Gran Turismo Omologato
584,GTRM,Going To Read Mail
585,GTSY,Good To See You
586,GTTS,Got The T-Shirt
587,GTW,Got To Work
588,GU,Grow Up
589,GUTI,Get Used To It
590,GW,Good Work
591,GWAS,Game Was A Success
592,GWC,Guy With Camera
593,GWG,Girl With Glasses
594,GWI,Get With It
595,GWK,Game Winning Kill
596,GWP,Gift With Purchase
597,GWR,Guinness World Records
598,GWS,Get Well Soon
599,GWTF,Go With The Flow
600,GWTP,Get With The Program
601,GYALDEM,Group of girls
602,GYC,Get Your Coat
603,GYFS,Get Your Facts Straight
604,GYO,Get Your Own
605,GYT,Get Yourself Tested
606,HAGD,Have A Good Day
607,HAGE,Have A Good Evening
608,HAGL,Have A Good Life
609,HAGN,Have A Good Night
610,HAGO,Have A Good One
611,HAGS,Have A Great Summer
612,HAGT,Have A Great Time
613,HAISTK,How Am I Supposed To Know?
614,HAND,Have A Nice Day
615,HAWT,Hot Having A Wonderful Time
616,HAY,How Are You
617,HAYD,How Are You Doing?
618,HAYT,How Are You Today?
619,HBD,Happy Birthday
620,HBK,Heart Break Kid
621,HBN,How About Now
622,HBO,Home Box Office
623,HBP,Half-Blood Prince (Harry Potter)
624,HBT,How ‘Bout That
625,HBTU,Happy Birthday To You
626,HBTY,Happy Birthday To You
627,HBY,How About You?
628,HC,Holy Cow
629,HCDAJFU,He Could Do A Job For Us
630,HCIT,How Cool Is That?
631,HD,High-Definition
632,HDD,Hard Disk Drive
633,HDMI,High Definition Multimedia Interface
634,HDTH,How Did That Happen?
635,HDTV,High Definition Television
636,HDY,How Dare You
637,HDYD,How Do You Do?
638,HDYDT,How Did You Do That?
639,HDYK,How Do/Did You Know?
640,HE,Happy Ending High Explosives
641,HEA,Happily Ever After
642,HENRY,"High Earner, Not Rich Yet"
643,HF,Have Fun
644,HFFA,Hot From Far Away
645,HFGL,"Have Fun, Good Luck"
646,HFY,Here For You Happy for You
647,HG,Holy Grail
648,HGH,Haters Gonna Hate
649,HGI,How Goes It?
650,HGL,Happy Go Lucky
651,HGTV,Home and Garden Television
652,HGV,Heavy Goods Vehicle
653,HH,Holding Hands
654,HHIS,Hanging Head In Shame
655,HHOJ,"Ha-Ha, Only Joking"
656,HHOK,"Ha-Ha, Only Kidding"
657,HHVF,"Ha-Ha, Very Funny"
658,HHWW,Holding Hands While Walking
659,HIG,How’s It Going?
660,HIIK,Hell If I Know
661,HIMYM,How I Met Your Mother (TV show)
662,HIV,Human Immunodeficiency Virus
663,HIWTH,Hate It When That Happens
664,HJNTIY,He’s Just Not That Into You
665,HK,Hong Kong Hostile Kids
666,HL,Half Life (game)
667,HLAS,"Hook, Line And Sinker"
668,HMB,Hit Me Back (reply)
669,HMI,Human Machine Interface
670,HMIHY,How May I Help You?
671,HML,Hate My Life
672,HMP,"Help Me, Please"
673,HMS,Her Majesty’s Ship (UK)
674,HMU,Hit Me Up
675,HMUL,Hit Me Up Later
676,HMV,His Master’s Voice
677,HNG,Horny Net Geek
678,HNOS,Home Network Operating System
679,HNR,Hit ‘N’ Run
680,HNY,Happy New Year
681,HO,Hold On Head Office
682,HOA,Home Owners Association
683,HOAS,Hold On A Second
684,HOAY,How Old Are You?
685,HOF,Hall Of Fame Heavy on Flag
686,HOG,Harley Owner Group
687,HOH,Head Over Heels  Hard Of Hearing
688,HOLLAND,Hope Our Love Lasts And Never Dies
689,HOV,High Occupancy Vehicle
690,HOWDY,How Do You Do?
691,HP,Harry Potter
692,HQ,High Quality
693,HR,Human Resources
694,HRC,Human Rights Campaign
695,HRH,His/Her Royal Highness
696,HSBC,Hong Kong and Shanghai Banking Corporation
697,HSH,Home Sweet Home
698,HSIK,How Should I Know?
699,HSIT,How Sad Is That
700,HSL,"Hue, Saturation, Lightness"
701,HSM,High School Musical
702,HSP,Highly Sensitive Person
703,HSPDA,High Speed Packet Data Access
704,HST,High Speed Train
705,HSV2,Herpes Simplex Virus 2
706,HT,Hat Tip (Thanks) Home Time Handheld Transceiver
707,HTBT,Had To Be There
708,HTC,Hit The Cell
709,HTE,Hard To Explain
710,HTG,Hard To Get
711,HTH,Hope That Helps How The Hell
712,HTHFYS,Hope To Hear From You Soon
713,HTM,Hand To Mouth
714,HTML,Hypertext Markup Language
715,HTSYS,Hope To See You Soon
716,HTTP,Hyper-Text Transfer Protocol
717,HTTPS,Hyper-Text Transfer Protocol Secure
718,HTTR,Hail To The Redskins
719,HU,Hollywood Undead (Band)
720,HUA,Heard Understood Acknowledged
721,HVAC,"Heating, Ventilating, Air Conditioning"
722,HVD,Happy Valentine’s Day
723,HWB,Hottie With Body
724,HWGA,Here We Go Again
725,HWP,Height Weight Proportional
726,HWSNBN,He Who Shall Not Be Named
727,HWU,"Hey, What’s Up?"
728,HWYD,How Was Your Day?
729,HYB,How You Been?
730,HYD,How Ya Doing?
731,HYFB,Hope You Feel Better
732,HYG,Here You Go
733,HYH,Have You Heard Hold Your Horses
734,HYIP,High Yield Investment Program
735,HYP,"Harvard, Yale, Princeton"
736,HYS,Have Your Say
737,HYU,Hit You Up
738,IA,I Agree
739,IAB,I Am Bored
740,IABW,In A Bad Way
741,IAC,In Any Case
742,IAD,It All Depends
743,IAE,In Any Event
744,IAG,It’s All Good
745,IAK,I Already Know
746,IAL,I Ain’t Laughing I Actually Laughed
747,IALTO,I Always Love That One
748,IAMA,I Am Mildly Amused
749,IANAD,I Am Not A Doctor
750,IANAL,I Am Not A Lawyer (this is an uninformed opinion)
751,IAS,In A Second
752,IAU,I Adore You
753,IAW,In Accordance With I Agree With
754,IAWTC,I Agree With That/This Comment
755,IAWTCSM,I Agree With This Comment So Much
756,IAWTP,I Agree With This Post
757,IAY,I Adore You
758,IB,I’m Back
759,IB2D,I Beg To Differ
760,IB4TL,In Before The Lock
761,IBAN,International Bank Account Number
762,IBB,I’ll Be Back
763,IBK,Idiot Behind Keyboard
764,IBL,In Before Lock
765,IBM,International Business Machines
766,IBMTS,I’ve Been Meaning To Say
767,IBS,Irritable Bowel Syndrome
768,IBTD,In Before The Delete I Beg To Differ
769,IBTL,In Before the Lock
770,IBUWU,I’m Breaking Up With You
771,IBW,I’ll Be Waiting
772,IBYP,I Beg Your Pardon
773,ICAM,I Couldn’t Agree More
774,ICAY,I Care About You
775,ICB,I Can’t Believe…
776,ICBB,I Can’t Be Bothered
777,ICBI,I Can’t Believe It
778,ICBINB,I Can’t Believe It’s Not Butter
779,ICBM,Intercontinental Ballistic Missile
780,ICBSST,I Can’t Believe She Said That
781,ICBW,It Could Be Worse
782,ICC,Ice Crown Citadel ( )
783,ICCL,I Couldn’t Care Less
784,ICR,I Can’t Remember
785,ICSL,I Couldn’t/Can’t Stop Laughing
786,ICSTAY,I Can’t Stop Thinking About You
787,ICT,Information and Communication Technology
788,ICU,Intensive Care Unit I See You
789,ICW,In Connection With I Can’t Wait
790,ICYDK,In Case You Didn’t Know
791,ICYMI,In Case You Missed It
792,IDBI,I Don’t Believe It
793,IDBY,I Don’t Believe You
794,IDC,I Don’t Care
795,IDE,Integrated Development Environment Integrated Device Electronics
796,IDEC,I Don’t Even Care
797,IDEK,I Don’t Even Know
798,IDEKY,I Don’t Even Know You
799,IDEWTK,I Don’t Even Want To Know
800,IDFG,I Don’t Feel Good
801,IDFLI,I Don’t Feel Like It
802,IDGAD,I Don’t Give A Damn
803,IDGHP,I Don’t Get Hashtag Phrases I Don’t Get His/Her Point I Don’t Generally Hate People
804,IDGI,I Don’t Get It
805,IDHAC,I Don’t Have A Clue
806,IDHTT,I Don’t Have The Time
807,IDI,I Doubt It
808,IDJ,I Don’t Judge
809,IDK,I Don’t Know
810,IDKE,I Don’t Know Either
811,IDKW,I Don’t Know Why
812,IDKWTD,I Don’t Know What To Do
813,IDKWYM,I Don’t Know What You Mean
814,IDKY,I Don’t Know Why
815,IDL,I Don’t Like …
816,IDLI,I Don’t Like It
817,IDLT,I Don’t Like That
818,IDLY,I Don’t Love/Like You
819,IDM,It Doesn’t Matter Intelligent Dance Music
820,IDK,I Don’t Know
821,IDNK,I Do Not Know
822,IDR,I Don’t Remember
823,IDRC,I Don’t Really Care
824,IDRK,I Don’t Really Know
825,IDST,"If Destroyed, Still True"
826,IDT,I Don’t Think
827,IDTS,I Don’t Think So
828,IDU,I Don’t Understand
829,IDUNNO,I Don’t Know
830,IDW,I Don’t Want
831,IDWK,I Don’t Wanna Know
832,IDWT,I Don’t Want To
833,IDWTAI,I Don’t Wanna Talk About It
834,IDWTK,I Don’t Want to Know
835,IE,Id Est (that is) Internet Explorer
836,IED,Improvised Explosive Device
837,IEEE,Institute of Electrical and Electronics Engineers
838,IEP,Individualized Education Program
839,IFM,In Fond Memory
840,IGI,I Get It
841,IGM,I Got Mine
842,IGMC,I’ll Get My Coat
843,IGN,In Game Name
844,IGNB,"I’m Going Now, Bye"
845,IGNTS,I’ve Got Nothing To Say
846,IGS,I Guess So
847,IGTG,I Got To Go
848,IGU,I Give Up
849,IGWT,In God We Trust
850,IGY,I Get You
851,IGYB,I’ve Got Your Back
852,IH8U,I Hate You
853,IHAC,I Have A Customer…
854,IHDK,I Honestly Don’t Know
855,IHM,I Hate Mondays
856,IHML,I Hate My Life
857,IHNC,I Have No Clue
858,IHNI,I Have No Idea
859,IHO,In Honor Of
860,IHOP,International House of Pancakes
861,IHP,I Hate People
862,IHS,I Hope So
863,IHT,I Hate This
864,IHY,I Hate You
865,IHYDM,I Hope You Don’t Mind
866,IHYSM,I Hate You So Much
867,IIB,Ignorance Is Bliss
868,IIFYM,If It Fits Your Macros
869,IIH,If I’m Honest
870,IIL,I’m In Love
871,IINM,If I’m Not Mistaken
872,IIR,Idiot In Room
873,IIRC,If I Remember Correctly
874,IIS,Internet Information Services
875,IITUWUTMAS,If I Tell You Will You Tell Me A Secret?
876,IITWI,In It To Win It
877,IITYWIMIWHTKY,If I Tell You What It Means I Will Have to Kill You
878,IITYWTMWYBMAD,If I Tell You What This Means Will You Buy Me a Drink?
879,IITYWTMWYKM,If I Tell You What This Means Will You Kiss Me?
880,IITYWYBMAD,If I Tell You Will You Buy Me A Drink
881,IIUC,If I Understand Correctly
882,IIWII,It Is What It Is
883,IIWY,If I Were You
884,IJ,I’m Joking
885,IJAF,It’s Just A Fact
886,IJDK,I Just Don’t Know
887,IJG,I Just Giggled
888,IJK,I’m Just kidding
889,IJL,I Just Laughed
890,IJS,I’m Just Saying
891,IJWTK,I Just Want To Know
892,IJWTS,I Just Want To Say
893,IK,I Know
894,IKH,"I Know, Huh?"
895,IKHYF,I Know How You Feel
896,IKLY,I Kinda Like You
897,IKM,I Know Man
898,IKMTY,I Know More Than You
899,IKN,I Know Not
900,IKR,"I Know, Right"
901,IKT,I Knew That
902,IKTF,I Know The Feeling
903,IKTR,I Know That’s Right
904,IKWUM,I Know What You Mean
905,IKWYDLS,I Know What You Did Last Summer
906,IKWYL,I Know Where You Live
907,IKWYM,I Know What You Mean
908,IKY,I Know You
909,IKYP,I’ll Keep You Posted
910,IL,In Love
911,ILD,Ich Liebe Dich (I Love You)
912,ILH,I Love Him/Her
913,ILI,I Love It
914,ILM,I lige m
915,ILML,I Love My Life
916,ILMO,In Loving Memory Of
917,ILNY,I Love New York
918,ILS,Inflated Lat Syndrome
919,ILT,I Like That
920,ILY,I Love You
921,ILY2,I Love You Too
922,ILYA,I Love You All
923,ILYAAF,I Love You As A Friend
924,ILYAM,I Love You As a Mate
925,ILYB,I Love You Both
926,ILYF,I’ll Love You Forever
927,ILYG,I Love You Guys/Girls
928,ILYK,I’ll Let You Know
929,ILYL,I Love You Lots
930,ILYLAS,I Love You Like A Sister
931,ILYLT,I Love You Long Time
932,ILYM,I Love You More
933,ILYSDM,I Love You So Damn Much
934,ILYSM,I Love You So Much
935,ILYSMB,I Love You So Much Baby
936,ILYSMM,I Love You So Much More
937,ILYT,I Love You Too
938,ILYTB,I Love You To Bits
939,ILYVM,I Love You Very Much
940,ILYWAMH,I Love You With All My Heart
941,IM,Instant Message
942,IMAHO,In My Absolutely Honest Opinion
943,IMAO,In My Arrogant Opinion
944,IMAP,Internet Message Access Protocol
945,IMBO,In My Biased Opinion
946,IMCO,In My Considered Opinion
947,IMD,In My Defence
948,IMDB,Internet Movie Database
949,IME,In My Experience
950,IMEO,In My Educated Opinion
951,IMF,International Monetary Fund
952,IMH,In My Head
953,IMHO,In My Humble Opinion
954,IMK,In My Knowledge
955,IMMAO,In My Most Arrogant Opinion
956,IMMD,It Made My Day
957,IMML,It Made Me Laugh
958,IMNSHO,In My Not So Humble Opinion
959,IMO,In My Opinion
960,IMOO,In My Own Opinion
961,IMP,It’s My Pleasure
962,IMPO,In My Personal Opinion
963,IMR,"I Mean, Really"
964,IMS,Irritable Male Syndrome
965,IMSMR,If Memory Serves Me Right
966,IMU,I Miss You
967,IMUSM,I Miss You So Much
968,IMVU,Instant Messaging Virtual Universe
969,IMWTK,Inquiring Minds Want To Know
970,IMY,I Miss You
971,IMYA,I Miss You Already
972,IMYM,I Miss You More
973,IMYSM,I Miss You So Much
974,IMYT,I Miss You Too
975,INAH,I Need A Hug
976,INB,I’m Not Bothered
977,INBD,It’s No Big Deal
978,INCYDK,In Case You Didn’t Know
979,INPO,In No Particular Order
980,INRS,It’s Not Rocket Science
981,INS,I’m Not Sure
982,INTK,I Need To Know
983,INTP,Introverted iNtuitive Thinking Perceiving (personality type indicator)
984,INVU,I Envy You
985,INWLY,I Never Wanna Lose You
986,INY,I Need You
987,IOAB,I’m On A Boat
988,IOC,International Olympic Committee
989,IOH,I’m Outta Here
990,IOI,Indication of Interest I’m Over It
991,IOIC,If Only I Could
992,IOKIYAR,It’s Okay If You’re A Republican
993,IOM,Isle Of Man
994,IOMW,I’m On My Way
995,ION,In Other News
996,IOU,I Owe You
997,IOW,In Other Words
998,IOYK,If Only You Knew
999,IP,Internet Protocol Intellectual Property
1000,IPA,India Pale Ale Internet Protocol Address
1001,IPC,Ignore Post Count
1002,IPO,Initial Public Offering
1003,IQ,Intelligence Quotient
1004,IR,Infrared Injured Reserve
1005,IRA,Irish Republican Army
1006,IRAH,Insert Relevant Acronym Here
1007,IRC,Internet Relay Chat
1008,IRDC,I Really Don’t Care
1009,IRDK,I Really Don’t Know
1010,IRL,In Real Life
1011,IRLY,I Really Like You
1012,IRMC,I Rest My Case
1013,IRS,Internal Revenue Service
1014,ISB,I’m So Bored
1015,ISBN,International Standard Book Number
1016,ISDK,I Simply Don’t Know
1017,ISDN,Integrated Services Digital Network
1018,ISHK,I Should Have Known
1019,ISLY,I Still Love You
1020,ISO,In Search Of
1021,ISP,Internet Service Provider
1022,ISS,International Space Station I’m So Sorry
1023,ISSN,International Standard Serial Number
1024,ISTATOY,I Saw This And Thought Of You
1025,ISTG,I Swear To God
1026,ISTM,It Seems To Me
1027,ISTR,I Seem To Recall
1028,ISWYDT,I See What You Did There
1029,ISWYM,I See What You Mean
1030,IT,Information Technology
1031,ITA,I Totally Agree
1032,ITAI,I’ll Think About It
1033,ITALY,I Trust And Love You
1034,ITC,In This Channel In That Case
1035,ITF,In The Future
1036,ITG,In The Groove
1037,ITIAILWY,I Think I Am In Love With You
1038,ITIKY,I Think I Know You
1039,ITILU,I Think I Love You
1040,ITILY,I Think I Love You
1041,ITK,In The Know
1042,ITM,In the Mouth
1043,ITMA,It’s That Man Again
1044,ITN,I Think Not
1045,ITO,In Terms Of
1046,ITOY,I’m Thinking Of You
1047,ITP,Inside The Perimeter
1048,ITS,I Think/Thought So
1049,ITSO,In The Style Of
1050,ITT,In This Thread
1051,ITTET,In These Tough Economic Times
1052,ITV,Independent TV (UK)
1053,ITWYM,Is That What You Mean?
1054,ITYF,I Think You’ll Find
1055,ITYL,I’ll Tell You Later
1056,ITYM,I Think You Mean
1057,ITYS,I Told You So
1058,IVF,In Vitro Fertilization
1059,IWALY,I Will Always Love You
1060,IWBB,I Will Be Back
1061,IWC,Internet Wrestling Community
1062,IWHI,I Would Hit It
1063,IWID,It’s What I Do
1064,IWIK,I Wish I Knew
1065,IWIWT,I Wish I Were There
1066,IWM,It Wasn’t Me
1067,IWOOT,I Want One Of Those
1068,IWTD,I Want To Die
1069,IWY,I Want You
1070,IYAM,If You Ask Me
1071,IYBTYBA,"If You Believe That, You’ll Believe Anything"
1072,IYD,In Your Dreams
1073,IYDK,If You Didn’t Know
1074,IYDM,If You Don’t Mind
1075,IYF,In Your Face
1076,IYGM,If You Get Me
1077,IYH,In Your Head
1078,IYKWIM,If You Know What I Mean
1079,IYL,If You’re Lucky It’s Your Life
1080,IYO,In Your Opinion
1081,IYSS,If You Say So
1082,IYSWIM,If You See What I Mean
1083,IYTT,If You Think That
1084,IYW,If You Want/Will
1085,IYWW,If You Were Wondering
1087,JAF,Just A Friend
1088,JAFA,Just Another F***ing Aucklander
1089,JAPAN,Just Always Pray At Night
1090,JAS,Just A Second
1091,JAT,Just A Thought
1092,JATQ,Just Answer The Question
1093,JB,Jail Bait Jonas Brothers
1094,JBH,Just Being Honest
1095,JBT,Jack-Booted Thug
1096,JBU,Just Between Us
1097,JBY,Just Be Yourself
1098,JC,Jesus Christ Just Curious Just Chilling
1099,JCB,J C Bamford (excavator manufacturer)
1100,JD,Jack Daniel’s
1101,JDI,Just Do It
1102,JDLR,Just Doesn’t Look Right
1103,JDM,Japanese Domestic Market
1104,JFF,Just For Fun
1105,JFK,John Fitzgerald Kennedy New York airport Just For Kicks
1106,JFN,Just For Now
1107,JFT,Just For Today
1108,JFTR,Just For The Record
1109,JFY,Just For You
1110,JFYI,Just For Your Information
1111,JG,Juicy Gossip
1112,JGB,Just Got Back
1113,JGH,Just Got Home
1114,JGI,Just Google It
1115,JGL,Just Get Lost
1116,JHC,Jesus H Christ
1117,JHP,Jacketed Hollow Point (bullet)
1118,JIC,Just In Case
1119,JICYDK,Just In Case You Didn’t Know
1120,JJ,Just Joking
1121,JK,Just Kidding
1122,JKD,Jeet Kune Do (Martial Art)
1123,JLMK,Just Let Me Know
1124,JLS,Jack the Lad Swing (band)
1125,JLT,Just like that
1126,JLUK,Just Letting You Know
1127,JLY,Jesus Loves You
1128,JLYK,Just Letting You Know
1129,JM,Just Messing
1130,JMA,Just Messing Around
1131,JMHO,Just My Humble Opinion
1132,JML,Just My Luck
1133,JMO,Just My Opinion
1134,JMS,Just Making Sure
1135,JMT,Just My Thoughts
1136,JN,Just Now
1137,JOOC,Just Out Of Curiosity
1138,JP,Just Playin’
1139,JPA,Just Playing Around
1140,JPEG,Joint Photographic Experts Group Image file format
1141,JROTC,Junior Reserve Officer Training Corps
1142,JRPG,Japanese Role Playing Game
1143,JS,Just Saying
1144,JSMN,Just Shoot Me Now
1145,JSP,Java Server Pages
1146,JSU,Just Shut Up
1147,JSYK,Just So You Know
1148,JTB,Just Too Bad
1149,JTC,Join The Club
1150,JTLYK,Just To Let You Know
1151,JTOL,Just Thinking Out Loud
1152,JTOY,Just Thinking Of You
1153,JTTY,Just To Tell You
1154,JTUSK,Just Thought You Should Know
1155,JUAD,Jumping Up And Down
1156,JV,"Junior Varsity, amateur"
1157,JW,Just Wondering
1158,JWAS,Just Wait And See
1159,JWD,Job Well Done
1160,JWG,Just a Wild Guess
1161,JWTK,Just Wanted To Know
1162,JWTLYK,Just Wanted To Let You Know
1163,JWU,Just Woke Up
1164,JWW,Just Was Wondering
1165,KAFM,Keep Away From Me
1166,KCACO,Keep Calm And Carry On
1167,KCCO,Keep Calm and Chive On
1168,KD,Kraft Dinner
1169,KDR,Kill/Death Ratio
1170,KF,Kinda Funny
1171,KFC,Kentucky Fried Chicken
1172,KGB,Russian secret police
1173,KH,Kingdom Hearts ( )
1174,KHYF,Know How You Feel
1175,KIA,Killed In Action Know It All
1176,KICKS,Shoes Thrills
1177,KIG,Keep It Gangsta
1178,KIM,Keep It Moving
1179,KIO,Knock it off
1180,KIP,Sleep Bed
1181,KIR,Keepin’ It Real
1182,KIRF,Keeping It Real Fake
1183,KIS,Keep It Simple
1184,KISA,Knight In Shining Armour
1185,KISS,"Keep It Simple, Stupid"
1186,KIT,Keep In Touch
1187,KIU,Keep It Up
1188,KIV,Keep In View
1189,KKK,Ku Klux Klan
1190,KKKK,Korean LOL
1191,KM,Keep Mum
1192,KMFC,Keeping My Fingers Crossed
1193,KML,Killing Myself Laughing
1194,KMN,Kill Me Now
1195,KMP,Keep Me Posted
1196,KMT,Kiss My Teeth
1197,KMU,Keep Me Updated
1198,KOD,Kiss Of Death
1199,KOS,Kill On Sight
1200,KOTC,Kiss On The Cheek
1201,KOTH,King of the Hill (game)
1202,KOTL,Kiss On The Lips
1203,KOTOR,Knights Of The Old Republic (Game)
1204,KP,Korean Pride
1205,KPC,Keep Parents Clueless
1206,KPG,Keep the Party Going
1207,KPI,Key Performance Indicator
1208,KR,Kind Regards
1209,KRO,Keep Right On
1210,KS,Kill Steal
1211,KTBFFH,Keep The Blue Flag Flying High! (Chelsea FC Moto)
1212,KTBSPA,Keep The Backstreet Pride Alive
1213,KTF,Keep The Faith
1214,KWIM,Know What I Mean?
1215,KWIS,Know What I’m Saying?
1216,KYFC,Keep Your Fingers Crossed
1217,KYO,Knock Yourself Out
1218,KYP,Keep You Posted
1219,LAFS,Love At First Sight
1220,LAK,Love And Kisses
1221,LAL,Laughing A Lot/Little
1222,LALB,Laughing A Little Bit
1223,LAM,Leave A Message Run
1224,LAMN,Look At Me Now
1225,LAN,Local Area Network
1226,LAPD,Los Angeles Police Department
1227,LARP,Live Action Role Play
1228,LART,Luser Attitude Readjustment Tool
1229,LASER,Light Amplification by Stimulated Emission of Radiation
1230,LAT,Living Apart Together
1231,LATM,Laughing At The Moment
1232,LBC,"Long Beach, California"
1233,LBD,Little Black Dress
1234,LBDN,Look Busy Doing Nothing
1235,LBH,Let’s Be Honest Loser Back Home
1236,LBM,Little Big Man
1237,LBNL,Last But Not Least
1238,LBR,Loser Beyond Repair
1239,LBRS,Lower Blackrock Spire ( )
1240,LBVS,Laughing But Very Serious
1241,LBW,Leg Before Wicket (cricket)
1242,LC,Lower Case
1243,LCD,Liquid Crystal Display
1244,LCTS,Let’s Change The Subject
1245,LD,Link Dead (Disconnection From Internet)
1246,LDA,Long Distance Affair
1247,LDH,Long Distance Hug
1248,LDI,Let’s Do It
1249,LDL,Long Distance Lover
1250,LDO,"Like Duh, Obviously"
1251,LDR,Long Distance Relationship
1252,LDS,Latter Day Saint
1253,LE,Limited Edition Law Enforcement
1254,LEC,Local Exchange Carrier
1255,LED,Light Emiting Diode
1256,LEO,Law Enforcement Officer
1257,LEV,Low Emission Vehicle
1258,LF,Looking For
1259,LF1M,Looking For One More
1260,LFDY,"Live Fast, Die Young"
1261,LFG,Looking For Group
1262,LFM,Looking For More
1263,LFMF,Learn From My Fail
1264,LFP,Looking For Party (in  )
1265,LFTI,Looking Forward To It
1266,LFTSU,Look Forward To Seeing You
1267,LFW,Looking For Work
1268,LG,Little Girl
1269,LGBTQ,"Lesbian, Gay, Bisexual, Trans, Questioning"
1270,LGD,Let’s Get Drunk
1271,LGFB,Looks Good From Behind
1272,LGMH,Love Gives Me Hope
1273,LGO,Life Goes On
1274,LGT,Link Goes To …
1275,LGTM,Looks Good To Me
1276,LH,Living Hell
1277,LHH,Laughing Hella Hard
1278,LHK,"Love, Hugs and Kisses"
1279,LHM,Lord Have Mercy Lord Help Me
1280,LHYW,Like Hell You Will
1281,LI,Laughing Inside
1282,LIFO,Last In First Out
1284,LIG,Let It Go
1285,LIH,Laugh In Head
1286,LIHOP,Let It Happen On Purpose
1287,LIITA,Love Is In The Air
1288,LILABOC,Life Is Like A Box Of Chocolates
1289,LIMB,Laughing In My Brain
1290,LIMH,Laughing In My Head
1291,LIMM,Laughing In My Mind
1292,LIRL,Laughing In Real Life
1293,LIS,Laughing In Silence
1294,LITS,Life Is Too Short
1295,LIU,Look It Up
1296,LJBF,Let’s Just Be Friends
1297,LL,"Laugh Loudly, LOL"
1298,LLAP,Live Long and Prosper
1299,LLC,Limited Liability Company Laughing Like Crazy
1300,LLH,Laughing Like Hell
1301,LLL,Loony Liberal Left
1302,LLTTF,Living Life To The Fullest
1303,LM,Loud Mouth
1304,LMA,Leave Me Alone
1305,LMAD,Let’s Make A Deal
1306,LMAM,Leave Me A Message
1307,LMAP,Leave Me Alone Please
1308,LMC,Let Me Check
1309,LMCO,Laughing My Cats Off
1310,LMG,Light Machine Gun
1311,LMGTFY,Let Me Google That For You
1312,LMHO,Laughing My Head Off
1313,LMIRL,Let’s Meet In Real Life
1314,LMK,Let Me Know
1315,LML,Love My Life
1316,LMPO,Laughing My Pants Off
1317,LMR,Last Minute Resistance
1318,LMS,Like My Status Last Man Standing
1319,LMSO,Laughing My Socks Off
1320,LMT,Let Me Think
1321,LMTAL,Let Me Take A Look
1322,LNF,Life’s Not Fair
1323,LNIB,Like New In Box
1324,LNT,Leave No Trace
1325,LOA,Leave of Absence
1326,LOL,Laughing Out Loud
1327,LOLAK,Lots Of Love And Kisses
1328,LOLL,Laugh Out Loud Literally
1329,LOLOL,Lots Of Laughing Out Loud
1330,LOLV,Lots Of Love
1331,LOMB,Lying On My Bed
1332,LOML,Love Of My Life
1333,LOMO,"Lights Out, Missionary Only"
1334,LOOL,Laughing Outlandishly Out Loud
1335,LOQ,Laugh Out Quietly
1336,LORL,Laugh Out Really Loud
1337,LOS,Line Of Site
1338,LOTD,Link Of The Day
1339,LOTI,Laughing On The Inside
1340,LOTR,Lord of the Rings
1341,LOTRO,Lord Of The Rings Online ( )
1342,LOVL,Laughing Out Very Loud
1343,LOYOL,Live Out Your Own Life
1344,LOZ,Legend of Zelda
1345,LP,Long Play (record)
1346,LPG,Liquefied Petroleum Gas
1347,LPT,Life Pro Tip
1348,LQI,Laughing Quietly Inside
1349,LQL,Laughing Quite Loudly
1350,LQTM,Laughing Quietly To Myself
1351,LQTMS,Laughing Quietly To Myself
1352,LQTY,Laughing Quietly To Yourself
1353,LRF,Low Resolution Fox
1354,LRG,Lifted Research Group (clothing)
1355,LRL,Laughing Really Loud
1356,LSAT,Law School Admission Test
1357,LSE,London School of Economics Low Self-Esteem
1358,LSH,Laughing So Hard
1359,LSHIC,Laughing So Hard I’m Crying
1360,LSHIDMT,Laughing So Hard I Drop My Taco
1361,LSHMBH,Laughing So Hard My Belly Hurts
1362,LSI,Limited Social Interaction
1363,LSMFT,Lucky Strike Means Fine Tobacco
1364,LSMIH,Laughing So Much It Hurts
1365,LSP,Love Sick Puppy
1366,LSS,Last Song Syndrome
1367,LSTM,Laughing Silently To Myself
1368,LTA,Love To All
1369,LTB,Looking To Buy
1370,LTD,Live/Living The Dream
1371,LTG,Learn To Google
1372,LTH,Love Truth Honor
1373,LTIC,Laugh Til I Cry
1374,LTL,Living The Life
1375,LTM,Laughing To Myself
1376,LTMA,"Less Talk, More Action"
1377,LTMQ,Laughing To Myself Quietly
1378,LTMS,Laughing To Myself
1379,LTNC,Long Time No Chat
1380,LTNS,Long Time No See
1381,LTNT,Long Time No Talk
1382,LTP,Lost The Plot
1383,LTR,Long term relationship
1384,LTS,Laugh To Self
1385,LTY,Laugh To Yourself
1386,LUI,Living Under the Infuence
1387,LUL,Lame Uncomfortable Laugh
1388,LULAB,Love You Like A Brother
1389,LULAS,Love You Like A Sister
1390,LV,Louis Vuitton Las Vegas Level
1391,LW,Lucky Win
1392,LWICD,Look What I Can Do
1393,LWKM,Laugh Wan Kill Me ( )
1394,LWKMD,Laugh Wan Kill Me Die
1395,LWM,Laugh With Me
1396,LWP,Laughing With Passion
1397,LWT,Look Who’s Talking
1398,LWWY,Live While We’re Young
1399,LY,Love You
1400,LYA,Love You Always
1401,LYAAF,Love You As A Friend Love You Always And Forever
1402,LYB,"Love You, Bye"
1403,LYF,Love You Forever
1404,LYK,Let you know
1405,LYL,Love You Lots
1406,LYLAB,Love You Like A Brother
1407,LYLAF,Love You Like A Friend
1408,LYLAS,Love You Like A Sister
1409,LYLC,Love You Like Crazy
1410,LYLMB,Love You Like My Brother
1411,LYLT,Love You Long Time
1412,LYM,Love You More
1413,LYMI,"Love You, Mean It"
1414,LYMY,"Love You, Miss You"
1415,LYMYWY,"Love You, Miss You, Want You"
1416,LYR,Love You Really
1417,LYSM,Love You So Much
1418,LYT,Love You Too
1419,LYTD,Love You To Death
1420,LZ,Landing Zone
1421,MA,Mom alert Master of Arts
1422,MAAB,Male-Assigned At Birth
1423,MAC,Media Access Control Macintosh
1424,MADD,Mothers Against Drunk Driving
1425,MAPOTI,Most Annoying People On The Internet
1426,MAS,Mildly Amused Smirk
1427,MAW,Might As Well
1428,MAWOY,May Angels Watch Over You
1429,MBA,Masters of Business Association Married But Available
1430,MBD,My Bad Dudes
1431,MBF,My Best Friend
1432,MBFAM,My Brother From Another Mother
1433,MBM,Married Black Male
1434,MBN,Must Be Nice
1435,MBO,Must Be Off Management Buy-Out
1436,MBPS,MegaBits/Bytes Per Second
1437,MBR,Master Boot Record
1438,MBT,Masai Barefoot Technology (trainers)
1439,MBW,Married Black Woman
1440,MC,Master of Ceremonies
1441,MCL,Much Clown Love
1442,MCM,Man Crush Monday
1443,MCP,Male Chauvanist Pig
1444,MCR,My Chemical Romance (band)
1445,MCW,Man Crush Wednesday
1446,MDF,Medium Density Fiberboard
1447,MDK,Murder Death Kill
1448,MDR,Mort De Rire (  in French)
1449,MDW,Memorial Day Weekend
1450,MEGO,My Eyes Glazed Over
1451,MFC,Mildly Fat Chick Microsoft Foundation Classes
1452,MFEO,Made For Each Other
1453,MFG,Mit Freundlichen Gruessen (German)
1454,MFL,Marked For Later
1455,MFW,My Face When …
1456,MGBY,May God Bless You
1457,MGD,Miller Genuine Draft
1458,MGK,Machine Gun Kelly
1459,MGM,Male Genital Mutilation
1460,MGMT,The Management (band)
1461,MGO,Metal Gear Online (game)
1462,MGS,Metal Gear Solid (game)
1463,MH,Map Hack
1464,MHBFY,My Heart Bleeds For You
1465,MHO,My Honest Opinion
1466,MHOTY,My Hat’s Off To You
1467,MHR,Many Happy Returns
1468,MI6,Military Intelligence Service 6
1469,MIA,Missing In Action
1470,MIB,Men In Black Mint In Box
1471,MIDI,Musical Instrument Digital Interface
1472,MIGA,Make It Go Away
1473,MIH,Make It Happen
1474,MIHOP,Made It Happen on Purpose
1475,MIL,Mother In Law
1476,MIMO,Multiple Input Multiple Output
1477,MIP,Minor In Possession
1478,MIPS,Million Instructions Per Second
1479,MIRL,Meet In Real Life
1480,MISB,Mint (condition) In Sealed Box
1481,MISO,My Internet Shut Off
1482,MJ,Michael Jackson Michael Jordan Marijuana
1483,MLAS,My Lips Are Sealed
1484,MLB,Major League Baseball
1485,MLG,Major League Gaming
1486,MLIA,My Life Is Average
1487,MLIB,My Life Is Bro
1488,MLIG,My Life Is Great/Good
1489,MLIM,My Life Is Magic
1490,MLM,Multi-Level Marketing Middle finger (mlm)
1491,MLP,My Little Pony
1492,MLS,My Life Sucks
1493,MLTR,Multiple Long Term Relationships
1494,MLYP,Much Like Your Post
1495,MM,Married Man
1496,MM2,Message Mode 2 ( )
1497,MMA,Meet Me At…
1498,MMAMP,Meet Me At My Place
1499,MMAO,Make Me An Offer
1500,MMC,MultiMedia Card
1501,MMD,Make My Day
1502,MMH,Meet Me Halfway
1503,MMI,Me Myself and I
1504,MML,Made Me Laugh
1505,MMOFPS,Massively Multiplayer Online First Person Shooter
1506,MMORPG,Massively Multiplayer Online Role Playing Game
1507,MMS,Multimedia Messaging Service
1508,MMT,Makes Me Think
1509,MMV,Mileage May Vary
1510,MNC,Mobile Network Code
1511,MNF,Monday Night Football
1512,MNT,Maybe Next Time
1513,MO,Modus Operandi (method of operation)
1514,MOAB,Mother of All Bombs Massive Ordnance Air Blast
1515,MOAM,Man On A Mission
1516,MOAS,Mother Of All Secrets
1517,MOBA,Multiplayer Online Battle Arena
1518,MOC,Marriage Of Convenience My Own Creation
1519,MOH,My Other Half
1520,MOL,More Or Less
1521,MOO,Matter of Opinion My Own Opinion
1522,MOPO,Master Of the Painfully Obvious
1523,MOQ,Minimum Order Quantity
1524,MOS,Mom Over Shoulder
1525,MOT,Ministry Of Transport test for car safety
1526,MOTB,Mother Of The Bride
1527,MOTD,Message Of The Day Match Of The Day
1528,MOTKU,Master Of The Known Universe
1529,MOTO,Master Of The Obvious
1530,MOTWYW,Make Of That What You Will
1531,MOU,Memorandum Of Understanding
1532,MP,Military Police Member of Parliament
1533,MPA,Music Publishers’ Association
1534,MPAA,Motion Picture Assosciation of America
1535,MPE,My Point Exactly
1536,MPEG,Moving Picture Experts Group Audio/visual file format
1537,MPG,Miles Per Gallon
1538,MPH,Miles Per Hour
1539,MPO,My Personal Opinion
1540,MPOG,Multiplayer Online Game
1541,MPUA,Master Pick Up Artist
1542,MPV,Multi-Purpose Vehicle
1543,MR,Mentally Retarded
1544,MRE,"Meal, Ready to Eat"
1545,MRI,Magnetic Resonance Imaging
1546,MRP,Manufacturer’s Recommended Price
1547,MRW,My Reaction When…
1548,MSDN,Microsoft Developer Network
1549,MSDOS,Microsoft Disk Operating System
1550,MS-DOS,Microsoft Disk Operating System
1551,MSF,Male Seeking Female
1552,MSFAM,My Sister From Another Mister
1553,MSG,Message Monosodium Glutamate
1554,MSI,Mindless Self Indulgence (band)
1555,MSM,Mainstream Media
1556,MSRP,Manufacturer’s Suggested Retail Price
1557,MST,Mystery Science Theater
1558,MTA,More Than Anything
1559,MTBF,Mean Time Between Failures (reliability)
1560,MTBMW,May The Best Man Win
1561,MTC,More To Come
1562,MTD,Month To Date
1563,MTE,My Thoughts Exactly
1564,MTF,Male To Female
1565,MTFBWY,May The Force Be With You
1566,MTG,Magic: The Gathering (game)
1567,MTLBWY,May The Lord Be With You
1568,MTO,Media Take Out (gossip website)
1569,MTUK,More Than You Know
1570,MTV,Music Television
1571,MTW,Mum’s the Word
1572,MTYK,More Than You Know
1573,MU,Multi User
1574,MUA,Make-Up Alley (website)
1575,MUD,"Multi-User Dungeon,"
1576,MUNG,Mash Until No Good
1577,MVA,Motor Vehicle Accident
1578,MVP,Most Valuable Player
1579,MW2,Modern Warfare 2 (game)
1580,MW3,Modern Warfare 3 (game)
1581,MWC,Married With Children
1582,MWF,Married White Female
1583,MWI,Mad With It (drunk)
1584,MWM,Married White Male
1585,MWPP,"Moony, Wormtail, Padfoot, and Prongs (Harry Potter)"
1586,MY,Miss You
1587,MYB,Mind Your Business
1588,MYCH,Maybe You Can Help
1589,MYF,Miss Your  Face
1590,MYGGWY,May Your God Go With You
1591,MYL,Miss You Loads
1592,MYMP,Make Your Mama Proud
1593,MYOB,Mind Your Own Business
1594,MYODB,Mind Your Own Damn Business
1595,MYSM,Miss You So Much
1596,MYT,Meet You There
1597,NA,Not Available Not Applicable Not Announced
1598,NAA,Not At All
1599,NAACP,National Association for the Advancement of Colored People
1600,NABD,Not A Big Deal
1601,NAC,Not A Chance Not A Chain (letter)
1602,NAGL,Not A Good Look
1603,NAK,Nursing At Keyboard
1604,NAL,Need A Life
1605,NALGAS,Buttocks
1606,NALGO,Not A Lot Going On
1607,NALOPKT,Not A Lot Of People Know That.
1608,NAMBLA,North American Man/Boy Love Association
1609,NAP,Not A Problem
1610,NARP,Non-Athletic Regular Person
1611,NARU,Not A Registered User
1612,NAS,Network Attached Storage
1613,NASA,National Aeronautics and Space Administration
1614,NASCAR,National Association for Stock Car Auto Racing
1615,NASDAQ,National Association of Securities Dealers Automated Quotation
1616,NASL,"Name, Age, Sex, Location"
1617,NATM,Not At The Moment
1618,NATO,North Atlantic Treaty Organization No Action Talk Only
1619,NATTY,"Natural Light beer Smart, good, cool"
1620,NB,Not Bad Nota Bene (Latin for please note)
1621,NBA,National Basketball Association
1622,NBB,Never Been Better
1623,NBC,National Broadcasting Company
1624,NBD,No Big Deal
1625,NBF,New Best Friend
1626,NBG,Nasty But Good
1627,NBIF,No Basis In Fact
1628,NBK,Natural Born Killers Never Been Kissed
1629,NBM,Nil By Mouth Not Before Midnight
1630,NBSB,No Boyfriend Since Birth
1631,NBT,Nothing But Trouble
1632,NBTD,Nothing Better To Do
1633,NBTW,Now Back To Work
1634,NC,No Comment No Choice
1635,NC-17,No Children under 17 (movie rating)
1636,NCAA,National Collegiate Athletic Association
1637,NCB,Never Coming Back
1638,NCIS,Naval Criminal Investigative Service (TV show)
1639,NCMO,Non-Committal Make Out
1640,NCNR,"Non-Cancelable, Non-Returnable"
1641,NCNS,"No Call, No Show"
1642,NCO,Non-Commissioned Officer
1643,NDA,Non-Disclosure Agreement
1644,NDE,Near Death Experience
1645,NDI,Neither Do I
1646,NDP,New Democratic Party
1647,NDR,Non-Delivery Report/Receipt
1648,NDS,Nintendo DS
1649,NEA,National Education Association
1650,NED,Non-Educated Delinquent
1651,NEDM,Not Even Doom Music
1652,NEET,"Not in Education, Employment or Training"
1653,NEGL,Not Even Gonna Lie
1654,NEGU,Never Ever Give Up
1655,NEI,Not Enough Information
1656,NER,Non-Existent Relationship
1657,NF,Not Funny
1658,NFA,No Further Action
1659,NFAA,Not Funny At All
1660,NFI,No Freakin Idea
1661,NFL,National Football League
1662,NFM,No Further Message
1663,NFN,Normal For Norfolk
1664,NFS,Not For Sale
1665,NFSW,Not For Showing Wife
1666,NFT,No Further Text
1667,NFY,Not Fixed Yet
1668,NFZ,No Fly Zone
1669,NG,No Good
1670,NGH,Not Gonna Happen
1671,NGL,Not Gonna Lie
1672,NGO,Non-Governmental Organization
1673,NGU,Never Give Up
1674,NGUNS,"Never Give Up, Never Surrender"
1675,NH,Nice hand (poker slang)
1676,NHB,No Holding Back No Holds Barred
1677,NHD,No Harm Done
1678,NHF,No Hard Feelings
1679,NHFT,Not Here For That
1680,NHL,National Hockey League
1681,NHN,Not Here Now
1682,NHOI,Never Heard Of It
1683,NHS,National Health Service
1684,NHTB,Never Heard That Before
1685,NI,No Idea
1686,NIAMY,Never In A Million Years
1687,NIB,New In Box
1688,NIC,Network Interface Card
1689,NICE,National Institute of Clinical Excellence
1690,NICU,Neonatal Intensive Care Unit
1691,NID,Never In Doubt
1692,NIK,Now I Know
1693,NIMBY,Not In My Back Yard
1694,NIML,Never In My Life Not In My Lifetime
1695,NIN,Nine Inch Nails
1696,NISM,Need I Say More?
1697,NITM,Not In The Mood
1698,NITW,Not In That Way
1699,NJ,Not Joking Nice Job
1700,NJPW,New Japan Pro Wrestling
1701,NK,No Kidding Not Known
1702,NKA,No Known Allergies
1703,NKOTB,New Kid On The Block
1704,NKZ,No Kill Zone
1705,NLA,No Longer Available
1706,NLI,Not Logged In
1707,NLM,No Laughing Matter
1708,NLT,No later than…
1709,NLYG,Never Let You Go
1710,NM,Never Mind Nothing Much No Message
1711,NME,New Musical Express (magazine)
1712,NMF,Not My Fault
1713,NMG,No Mames Guey (OMG)
1714,NMH,Nodding My Head
1715,NMHJC,Not Much Happening Just Chilling
1716,NMI,Need More Info
1717,NMJ,Not My Job
1718,NMJC,Not Much Just Chat
1719,NMJCU,"Not Much, Just Chillin’, U?"
1720,NMN,No Middle Name
1721,NMO,Not My Opinion
1722,NMP,Not My Problem
1723,NMR,Not My Responsibility
1724,NMS,Not My Style
1725,NMT,Not My Type
1726,NMU,"Not Much, You?"
1727,NMW,No Matter What
1728,NMWH,No Matter What Happens
1729,NMY,Nice Meeting You
1730,NN,Night Night No Need Not Nice
1731,NNITO,Not Necessarily In That Order
1732,NNTO,No Need To Open
1733,NNTP,Network News Transfer Protocol
1734,NNTR,No Need To Reply
1735,NOC,No One Cares
1736,NOI,No Offense Intended
1737,NOK,Not Okay No One Knows
1738,NOKD,"Not Our Kind, Dear"
1739,NOLY,No One Likes You
1740,NOM,No Offence Meant
1741,NOMB,None Of My Business
1742,NOS,New Old Stock
1743,NOTA,None Of The Above
1744,NOTB,None Of Their Business
1745,NOTW,Not Of This World
1746,NOYB,None Of Your Business
1747,NOYDB,None Of Your Damn Business
1748,NP,No Problem
1749,NPAA,No Problem At All
1750,NPC,Non Player Character ( )
1751,NPI,No Pun Intended
1752,NPNT,"No Picture, No Talk"
1753,NPO,Never Pull Out
1754,NPR,National Public Radio No Purchase Required
1755,NPW,No Problem Whatsoever
1756,NPZ,No Problems
1757,NQAT,No Question About That
1758,NQR,Not Quite Right
1759,NR,No Reply No Reserve
1760,NRA,National Rifle Association
1761,NRE,New Relationship Energy
1762,NRFB,Never Removed From Box
1763,NRI,Non-Resident Indian Non-Repairable Item
1764,NRL,National Rugby League
1765,NRN,No Reply Necessary
1766,NSA,No Strings Attached
1767,NSAW,Not Saying A Word
1768,NSD,Never Say Die
1769,NSF,Not Sufficient Funds Not So Fast
1770,NSFA,Not Safe For Anyone
1771,NSFL,Not Safe For Life
1772,NSFTBC,Not Sorry For The Broadcast
1773,NSFV,Not Safe for Viewing/Vegetarians/Vegans
1774,NSFW,Not Safe For Work
1775,NSM,Not So Much
1776,NSN,Not So Nice
1777,NSPCC,National Society for Prevention of Cruelty to Children
1778,NSW,New South Wales
1779,NT,No Thanks
1780,NTB,Not That Bothered Not Too Bad
1781,NTBCW,Not To Be Confused With
1782,NTD,Nothing To Do
1783,NTFS,New Technology File System
1784,NTK,Need To Know
1785,NTL,NeverTheLess
1786,NTM,Not Too Much Nothing Much
1787,NTMY,Nice To Meet You
1788,NTN,No Thanks Needed
1789,NTR,Nothing To Report
1790,NTS,Nothing To Say Note To Self
1791,NTSC,National Television System Committee video standard
1792,NTSH,Nothing To See Here
1793,NTT,Name That Tune Not Touching That!
1794,NTTAWWT,Not That There’s Anything Wrong With That
1795,NTTU,Not Talking To You
1796,NTW,Not To Worry
1797,NTWF,Neopian Times Writers Forum
1798,NTY,No Thank You
1799,NUS,National Union of Students
1800,NVMS,No Visible Means of Support
1801,NVN,Not Very Nice
1802,NVNG,"Nothing Ventured, Nothing Gained"
1803,NW,No Way
1804,NWIH,No Way In Hell
1805,NWIM,Not What I Mean
1806,NWJ,No Way Jose
1807,NWLY,Never Wanna Lose You
1808,NWM,No Worries Mate
1809,NWNC,"No Woman, No Cry"
1810,NWO,New World Order
1811,NWOT,New Without Tags (eBay)
1812,NWS,Not Work Safe – for messages/sites containing adult content
1813,NWT,New With Tags
1814,NY,New York
1815,NYB,Not Your Business
1816,NYC,New York City
1817,NYD,New Year’s Day
1818,NYE,New Years Eve
1819,NYF,Not Your Fault
1820,NYI,Not Yet Implemented
1821,NYK,Not Yet Known Now You Know
1822,NYOB,Not Your Own Business
1823,NYP,Not Your Problem
1824,NYPD,New York Police Department
1825,NYSE,New York Stock Exchange
1826,NYT,Not Your Type New York Times
1827,NYU,New York University
1828,OA,Over Acting Over Achiever
1829,OAN,On Another Note
1830,OAO,Over And Out
1831,OAP,Old Age Pensioner
1832,OATUS,On A Totally Unrelated Subject
1833,OAUS,On An Unrelated Subject
1834,OB,"Oh, Brother"
1835,OBBY,"Oh, Baby"
1836,OBE,Overcome By Events Out of Body Experience Order of the British Empire
1837,OBHWF,One Big Happy Weasely Family
1838,OBO,Or Best Offer
1839,OBQ,"Oh, Be Quiet"
1840,OBTW,"Oh, By The Way"
1841,OBX,Outer Banks North Carolina
1842,OC,Of Course Original Character Orange County
1843,OCD,Obsessive Compulsive Disorder
1844,OCN,Of Course Not
1845,OCO,"Oh, Come On"
1846,OCR,Optical Character Recognition
1847,OCT,On Company Time
1848,ODAAT,One Day At  A Time
1849,ODF,Own Damn Fault
1850,ODG,Oh Dear God
1851,ODL,Oh Dear Lord
1852,ODST,Orbital Drop Shock Trooper (Gaming)
1853,ODT,On Dis Ting
1854,OE,Outlook Express Operator Error
1855,OED,Oxford English Dictionary
1856,OEM,Original Equipment Manufacurer
1857,OFAY,Offensive term for a white person
1858,OFGS,"Oh, For God’s Sake"
1859,OFH,Old Folks’ Home
1860,OFOC,Overwhelming Feelings of Concern
1861,OFWGKTA,Odd Future Wolf Gang Kill Them All (rappers)
1862,OG,Original Gangster Old Git
1863,OGIM,Oh God It’s Monday
1864,OGK,Only God Knows
1865,OGN,Online Gaming Network
1866,OH,Other Half
1867,OHAC,Own House And Car
1868,OHIM,"Oh Hell, It’s Monday"
1869,OHKO,One Hit Knock Out
1870,OHN,"Oh Hell, No!"
1871,OHS,Operator Head Space
1872,OHT,One Handed Typing
1873,OHW,One Hit Wonder
1874,OJ,Only Joking
1875,OJD,Obsessive Jonas (Brothers) Disorder
1876,OJT,On Job Training
1877,OLED,Organic Light-Emitting Diode
1878,OLLG,One Less Lonely Girl
1879,OLOY,Only Losers Obey Yolo
1880,OLTL,One Life To Live
1881,OM,Old Man
1882,OMA,Oh My Allah
1883,OMB,On My Break
1884,OMD,Oh My Days
1885,OMDB,Over My Dead Body
1886,OMFSM,Oh My Flying Spaghetti Monster
1887,OMFUG,Other Music Found UnderGround
1888,OMG,Oh My God
1889,OMGA,Oh My Giddy Aunt
1890,OMGD,Oh My God Dude
1891,OMGNA,"Oh My Gosh, Not Again"
1892,OMJ,Oh My Jonas ( )
1893,OMJC,Oh My Jesus Christ
1894,OML,Oh My Lord
1895,OMS,Oh My Science
1896,OMSJ,Oh My Sweet Jesus!
1897,OMT,One More Thing
1898,OMW,On My Way
1899,OMWH,On My Way Home
1900,OMZ,Oh My Zeus
1901,ONM,"Oh, Never Mind"
1902,ONNA,"Oh No, Not Again"
1903,ONNTA,"Oh No, Not This Again"
1904,ONO,Or Nearest Offer
1905,ONS,One Night Stand
1906,ONTD,Oh No They Didn’t
1907,ONYD,Oh No You Didn’t
1908,OOA,Out Of Ammo
1909,OOAK,One Of A Kind
1910,OOBE,Out Of Body Experience
1911,OOC,Out Of Control/Character/Context
1912,OOF,Out Of Office
1913,OOH,Out Of Here
1914,OOI,Out Of Interest
1915,OOM,Out Of Mana ( )
1916,OOMF,One Of My Friends/Followers
1917,OOML,Out Of My League
1918,OOMM,Out Of My Mind
1919,OOO,Out Of Office
1920,OOP,Out Of Place
1921,OOS,Out Of Style
1922,OOSOOM,"Out Of Sight, Out Of Mind"
1923,OOT,Out Of Town
1924,OOTB,Out Of The Box
1925,OOTC,Obligatory On-Topic Comment
1926,OOTD,Offer Of The Day Outfit Of The Day
1927,OOTO,Out Of The Office
1928,OOTW,Out Of This World
1929,OOYL,Out Of Your League
1930,OOYM,Out Of Your Mind
1931,OP,Original Poster
1932,OPB,Other People’s Business
1933,OPK,Other People’s Kids
1934,OPM,Other People’s Money
1935,OPPS,Misspelling of ‘oops’
1936,OSFA,One Size Fits All
1937,OSLT,Or Something Like That
1938,OSO,Other Significant Other
1939,OSS,Open Source Software
1940,OST,Original Sound Track
1941,OT,Off Topic
1942,OTA,Over The Air
1943,OTB,Off The boat
1944,OTC,Over The Counter
1945,OTD,On The Dot Out The Door
1946,OTE,Over The Edge
1947,OTF,Off Topic Forum
1948,OTFL,On The Floor Laughing
1949,OTG,On The Go Off The Ground
1950,OTH,Off The Hook
1951,OTK,Over The Knee
1952,OTLTA,One Thing Led To Another
1953,OTM,Of The Moment One Track Mind
1954,OTN,On That Note
1955,OTO,One Time Only
1956,OTOH,On The Other Hand
1957,OTOOH,On The Other Other Hand
1958,OTP,One True Pairing
1959,OTR,On The Run
1960,OTS,On The Side
1961,OTT,Over The Top
1962,OTTH,On The Third Hand
1963,OTTOMH,Off The Top Of My Head
1964,OTW,On The Way
1965,OTW,On The Whole
1966,OTY,Over To You
1967,OU,Open University
1968,OUAT,Once Upon A Time
1969,OUO,Official Use Only
1970,OVA,Original Video Animation
1971,OVNO,Or Very Near Offer
1972,OWK,Other World Kingdom
1973,OWNM,"Oh Well, Never Mind"
1974,OWOA,One Way Or Another
1975,OWS,Occupy Wall Street
1976,OWTTE,Or Words To That Effect
1977,OY,Oh Yeah
1978,OYB,On Your Bike
1979,OYG,Oh Your God
1980,OYO,On Your Own
1981,PA,Personal Assistant
1982,PABX,Private Automatic Branch Exchange
1983,PAN,Personal Area Network
1984,PATD,Panic At The Disco (band)
1985,PATT,Party All The Time
1986,PAYE,Pay As You Earn
1987,PAYG,Pay As You Go
1988,PB,Personal Best
1989,PBB,Pirate Bulletin Board
1990,PBJ,Peanut Butter and Jelly
1991,PBN,Paintball Nation
1992,PBP,Please Be Patient
1993,PBQ,Please Be Quiet
1994,PBR,Pabst Blue Ribbon (beer)
1995,PBS,Public Broadcasting Service
1996,PBUH,Peace Be Upon Him
1997,PBWY,Peace Be With You
1998,PC,Politically Correct Personal Computer
1999,PCB,Printed Circuit Board  Please Come Back
2000,PCI,Peripheral Component Interconnect
2001,PCM,Please Call Me
2002,PCMCIA,Personal Computer Memory Card International Association
2003,PCMIA,Personal Computer Manufacturer Interface Adaptor
2004,PCMR,PC Master Race
2005,PD,Public Domain
2006,PDA,Personal Digital Assistant
2007,PDBAZ,Please Don’t Be A Zombie
2008,PDEA,Public Display of Elderly Affection
2009,PDF,Portable Document Format
2010,PDG,Pretty Damn Good
2011,PDOA,Public Display Of Affection
2012,PDP,Pretty Darn Precious
2013,PDQ,Pretty Damn Quick
2014,PDT,Pacific Daylight Time
2015,PE,Physical Education
2016,PEBCAC,Problem Exists Between Chair And Computer
2017,PEBCAK,Problem Exists Between Chair And Keyboard
2018,PEBKAC,Problem Exists Between Keyboard And Chair
2019,PEMDAS,"Parenthesis, Exponents, Multiply, Divide, Add, Subtract"
2020,PEWS,Post Election Withdrawal Syndrome
2021,PFA,Please Find Attached
2022,PFB,Please Find Below
2023,PFC,Private First Class
2024,PFP,Picture For Proof
2025,PG,Parental Guidance
2026,PGA,Professional Golfers’ Association
2027,PGDA,Pretty Goddamn Awesome
2028,PGP,Pretty Good Privacy (encryption)
2029,PHAT,Pretty Hot And Tempting
2030,PHB,Pointy-Haired Boss (from Dilbert)
2031,PIBE,Play It By Ear
2032,PIC,Picture Partner In Crime
2033,PICNIC,Problem In Chair Not In Computer
2034,PIMPL,Pee In My Pants Laughing
2035,PIN,Personal Identification Number
2036,PIPA,Protect IP Act
2037,PIQ,Person In Question
2038,PIR,Parent In Room
2039,PITME,Peace In the Middle East
2040,PITR,Parent In The Room
2041,PIU,Pump It Up
2042,PK,Player Kill ( )
2043,PKB,"Pot, Kettle, Black"
2044,PKI,Public Key Infrastructure
2045,PKIT,Please Keep In Touch
2046,PLA,People’s Liberation Army
2047,PLC,Public Limited Company
2048,PLD,Poor Life Decision
2049,PLH,"Peace, Love and Happiness"
2050,PLI,Potential Love Interest
2051,PLL,Pretty Little Liar
2052,PLMA,Please Leave Me Alone
2053,PLMK,Please Let Me Know
2054,PLOS,Parents Looking Over Shoulder
2055,PLP,People Lazily Procrastinating
2056,PLR,Private Label Rights
2057,PLRN,Please Leave Right Now
2058,PLU,People Like Us
2059,PLUR,"Peace, Love, Unity, and Respect"
2060,PM,Private Message Post Meridiem (afternoon)
2061,PMA,Positive Mental Attitude
2062,PMB,Private Message Box
2063,PMC,Post Meal Cigarette
2064,PMD,Put Me Down
2065,PMF,Pardon My French
2066,PMFJI,Pardon Me For Jumping In
2067,PMIGBOM,"Put Mind In Gear, Before Opening Mouth!"
2068,PMJI,Pardon My Jumping In
2069,PMT,Pre-Menstrual Tension
2070,PMYMHMMFSWGAD,"Pardon Me, You Must Have Mistaken Me For Someone Who Gives A Damn"
2071,PNC,Point and Click Partner in Crime
2072,PNL,Peace And Love
2073,PNP,Party and Play
2074,PNR,Passenger Name Record
2075,PNW,Pacific North West
2076,POA,Plan Of Action
2077,POD,Passed Out Drunk
2078,POF,Plenty of Fish  (dating site)
2079,POI,Point(s) Of Interest
2080,POIDH,Pics Or It Didn’t Happen
2081,POMO,Permanent Open Market Operations Post Modern A Group Of Native American People In California
2082,PONR,Point Of No Return
2083,POTC,Pirates Of The Carribean
2084,POTD,Post Of The Day
2085,POTO,Phantom Of The Opera
2086,POTS,"Parents Over The Shoulder (parents watching, I can’t really talk)"
2087,POTUS,President of the United States
2088,POTW,Patient of the Week (House M.D.)
2089,POTY,Post Of The Year
2090,POV,Point Of View
2091,POW,Prisioner of War
2092,PPB,Parts Per Billion
2093,PPC,Pay Per Click
2094,PPD,Post Potter Depression
2095,PPM,Parts Per Million
2096,PPPW,"Per Person, Per Week"
2097,PPS,Post-Post Script
2098,PPU,Please Pick Up
2099,PPV,Pay Per View
2100,PQ,Party Quest (game)
2101,PR,Public Relations
2102,PRC,People’s Republic of China
2103,PS,PhotoShop Play Station Post Script
2104,PS & QS,Pints and Quarts Please and Thank Yous
2105,PS2,Play Station 2
2106,PS3,Play Station 3
2107,PS4,PlayStation 4
2108,PSA,Publice Service Announcement
2109,PSB,Please See Below
2110,PSH,Dismissive expression
2111,PSI,Pounds per Square Inch (pressure) Greek letter
2112,PSM,Personal Short Message
2113,PSN,Playstation Network
2114,PSP,PlayStation Portable
2115,PSR,"Pretty Standard, Really"
2116,PST,Please Send Tell Pacific Standard Time
2117,PSTN,Public Switched Telephone Network
2118,PSU,Power Supply Unit
2119,PT,Phantasy Tour Physical Training
2120,PTB,Powers That Be Pass The Buck Please Text Back
2121,PTC,Popping The Collar
2122,PTI,Pardon The Interruption
2123,PTL,Praise The Lord
2124,PTM,Please Tell Me
2125,PTO,Paid Time Off
2126,PTP,Pay To Play Peer To Peer
2127,PTSD,Post Traumatic Stress Disorder
2128,PTT,Push-To-Talk
2129,PTW,Play To Win Professional Time Waster
2130,PTZ,Pan-Tilt-Zoom
2131,PUA,Pick Up Artist
2132,PUG,Pick Up Group
2133,PUV,Public Utility Vehicle
2134,PV,Promotional Video
2135,PVC,"Polyvinyl Chloride, vinyl"
2136,PVE,Player versus Environment ( )
2137,PVM,Player Versus Monster
2138,PVP,Player v Player
2139,PVR,Personal Video Recorder
2140,PWOR,Proceeding With Orders Recieved
2141,PWOS,Parents Watching Over Shoulder
2142,PWT,Poor White Trash
2143,PX,Post Exchange Part Exchange
2144,PYP,Play Your Position
2145,PYT,Pretty Young Thing
2146,QA,Quality Assurance Question and Answer
2147,QANTAS,Queensland and Northern Territory Aerial Service
2148,QAP,Quick As Possible Quickly As Possible
2149,QB,Quarter Back
2150,QC,Quality Control
2151,QED,Quod Erat Demonstrandum (it has been proved)
2152,QFE,Quoted For Emphasis
2153,QFMT,Quoted For More Truth
2154,QFP,Quoted For Posterity
2155,QFT,Quoted For Truth
2156,QI,Quite Interesting
2157,QL,Quite Laughing
2158,QNO,Quiet Night Out
2159,QOL,Quality Of Life
2160,QOS,Quantam Of Solace
2161,QOTD,Quote Of The Day
2162,QOTSA,Queens Of The Stone Age (Band)
2163,QP,Quarter Pound (of weed)
2164,QQ4U,Quick Question For You
2165,QS,Quick Scope
2166,QVC,Quality Value Convenience (shopping channel)
2167,R5,Region 5 (DVD region)
2168,RA,Resident Advisor Resident Assistant
2169,RAC,Rock Against Communism
2170,RAK,Random Act of Kindness
2171,RAM,Random Access Memory
2172,RAOK,Random Act Of Kindness
2173,RAS,Remote Access Server
2174,RATM,Rage Against the Machine (band)
2175,RAWL,Roll Around While Laughing
2176,RAWR,"Right Answer, Wrong Reason"
2177,RBAY,Right Back At You
2178,RBG,Revolutionary But Gangsta
2179,RBTL,Read Between The Lines
2180,RBV,Red Bull and Vodka
2181,RC,Random Chat Radio Controlled
2182,RCT,Roller Coster Tycoon
2183,RD,Real Deal
2184,RDC,Really Don’t Care
2185,RDH,Rate Date Hate
2186,RDJ,Robert Downey Jr.
2187,RDM,Random Death Match
2188,RDO,Regular Day Off
2189,RDR,Red Dead Redemption (Game)
2190,RFC,Request For Comment
2191,RFI,Request For Information
2192,RFID,Radio Frequency Identification
2193,RFP,Request for Proposal
2194,RFQ,Request For Quotation
2195,RFT,Right First Time
2196,RFTS,Reach For The Stars
2197,RFYL,Run For Your Life
2198,RGB,"Red, Green, Blue"
2199,RHCP,Red Hot Chili Peppers (Band)
2200,RHD,Right Hand Drive
2201,RHI,Rumour Has It
2202,RHIP,Rank Has Its Privileges
2203,RHS,Right Hand Side
2204,RINO,Republican In Name Only
2205,RIYL,Recommended If You Like
2206,RL,Real Life
2207,RLAB,Roll Like A Buffalo
2208,RLF,Real Life Friend
2209,RLTW,Rangers Lead The Way
2210,RMA,Return Merchandise Authorization
2211,RME,Rolling My Eyes
2212,RML,Read My Lips
2213,RMT,Real-Money Trading
2214,RMV,Results May Vary
2215,RN,Right Now Registered Nurse
2216,RNA,Ribonucleic Acid
2217,RNB,Rhythm And Blues
2218,RNG,Random Number Generator
2219,RNR,Rock ‘N Roll
2220,RO,Ragnarok Online ( )
2221,ROAR,Right Of Admission Reserved
2222,ROFC,Rolling On Floor Crying
2223,ROFL,Rolling On Floor Laughing
2224,ROFLMFAO,Rolling On Floor Laughing My F***ing A** Off
2225,ROFLOL,"Rolling On Floor, Laughing Out Loud"
2226,ROG,Really Old Git
2227,ROH,Ring of Honor (wrestling)
2228,ROI,Return on Investment
2229,ROLF,Rolling On Laughing Floor
2230,ROR,Raughing out Roud
2231,ROS,Right On Schedule
2232,ROTC,Reserve Officer Training Corps
2233,ROTF,Rolling On The Floor (laughing is implied)
2234,ROTFFNAR,Rolling On The Floor For No Apparent Reason
2235,ROTFL,Rolling On The Floor Laughing
2236,ROTFLOL,Rolling On The Floor Laughing Out Loud
2237,ROTGL,Rolling On The Ground Laughing
2238,ROTK,Return of the King (Tolkien)
2239,ROTM,Run Of The Mill
2240,ROV,Remotely Operated Vehicle
2241,ROW,Rest Of the World
2242,ROY,Relative of yours?
2243,RPC,Role Playing Chat
2244,RPF,Real Person Fiction
2245,RPG,Rocket Propelled Grenade Role Playing Game
2246,RPM,Revolutions Per Minute
2247,RPS,Rock Paper Scissors (game)
2248,RQ,Random Questions (Livejournal community)
2249,RSI,Repetitive Strain Injury
2250,RSN,Real Soon Now
2251,RSPB,Royal Society for the Protection of Birds
2252,RSPCA,Royal Society for the Prevention of Cruelty to Animals
2253,RSS,Rich Site Summary Really Simple Syndication
2254,RSVP,Repondez s’il vous plait (Please reply)
2255,RT,Retweet Real Time
2256,RTA,Road Traffic Accident
2257,RTB,Return To Base
2258,RTD,Ready To Drink
2259,RTF,Return The Favour
2260,RTFAQ,Read The FAQ
2261,RTFD,Read The F***ing Description
2262,RTFI,Read The Flipping Instructions
2263,RTFM,Read The Flipping Manual
2264,RTFT,Read The F***ing Thread Read The F***ing Topic
2265,RTG,Ready To Go
2266,RTM,Read The Manual
2267,RTO,Radio Telephone Operator
2268,RTR,Roll Tide Roll
2269,RTS,Real Time Strategy
2270,RTV,Rock The Vote
2271,RTW,Ready To Wear Round The World
2272,RV,Recreational Vehicle
2273,RVB,Red Versus Blue (popular web-series)
2274,RVR,Realm Versus Realm ( )
2275,RW,Read-Write
2276,RWD,Rear Wheel Drive
2277,RWL,Roaring With Laughter
2278,RWNJ,Right Wing Nut Job
2279,RWP,Random Wall Post
2280,RWYS,Reap What You Sow
2281,RYC,Regarding Your Comment
2282,RYN,Read Your Note Regarding Your Note
2283,RYO,Roll Your Own
2284,SA,Sibling Alert
2285,SAB,Smoking A Blunt
2286,SAE,Stamped/Self Addressed Envelope
2287,SAF,Single Asian Female
2288,SAFM,Stay Away From Me
2289,SAHD,Stay At Home Dad
2290,SAHM,Stay At Home Mom
2291,SAHW,Stay At Home Wife
2292,SALTS,Smiled A Little Then Stopped
2293,SAM,Stop Annoying Me
2294,SAP,Sad And Pathetic Fool
2295,SASE,"Self-Addressed, Stamped Envelope"
2296,SAT,Scholastic Assessment Test
2297,SATA,Serial Advanced Technology Attachment
2298,SATC,Sex And The City (TV show)
2299,SATS,Standard Attainment Tests
2300,SBD,Silent But Deadly
2301,SBF,Single Black Female
2302,SBI,Surrounded By Incompetence
2303,SBJ,Sweet Baby Jesus
2304,SBM,Single Black Male
2305,SBS,Step By Step
2306,SBSP,SpongeBob SquarePants
2307,SBT,Sorry ‘Bout That
2308,SCNR,"Sorry, Could Not Resist"
2309,SCOTUS,Supreme Court Of The United States
2310,SCSI,Small Computer System Interface
2311,SCUBA,Self-Contained Underwater Breathing Apparatus
2312,SD,Sweet Dreams Secure Digital (memory card) So Drunk
2313,SDA,Seventh-Day Adventist
2314,SDK,Software Development Kit
2315,SDMF,"Strength, Determination, Merciless, Forever Society Dwelling Mother F***er"
2316,SDRAM,Synchronous Dynamic Random Access Memory
2317,SEO,Search Engine Optimization
2318,SEP,Somebody Else’s Problem
2319,SERP,Search Engine Results Page
2320,SF,Science Fiction San Francisco
2321,SFAM,Sister From Another Mister
2322,SFLR,Sorry For Late Reply
2323,SFO,San Francisco International Airport
2324,SFP,Sorry for Partying
2325,SFR,Smiling For Real
2326,SFSG,So Far So Good
2327,SFTBC,Sorry For The Broadcast
2328,SFW,Safe For Work
2329,SGTM,Sounds Good To Me
2330,SH,Same Here
2331,SHU,Secure Housing Unit
2332,SIWOTI,Someone Is Wrong On The Internet
2333,SLOL,Seriously Laughing Out Loud
2334,SLR,Single Lens Reflex (camera)
2335,SMAO,Study My Ass Off
2336,SMDH,Shaking My Damn Head
2337,SMDHE,Some Mothers Do Have Em
2338,SME,Small/Medium Enterprises
2339,SMGDH,Shaking My God Damn Head
2340,SMH,Shaking My Head
2341,SMHID,Shaking My Head In Despair
2342,SMHL,Shaking My Head Laughing
2343,SMIB,Southern Maryland Inbred
2344,SMIDSY,"Sorry Mate, I Didn’t See You"
2345,SML,Screw My Life Story of My Life
2346,SMN,Shoot Me Now
2347,SMOG,Sweet Mother Of God
2348,SMOP,Simple Matter Of Programming
2349,SMS,Short Message Service
2350,SMT,Sucking My Teeth
2351,SMTP,Simple Mail Transfer Protocol
2352,SNAFU,"Situation Normal, All Fouled Up"
2353,SNAG,Sensitive New Age Guy Sausage
2354,SNC,Social Network Check
2355,SND,Search And Destroy
2356,SNES,Super Nintendo Entertainment System
2357,SNF,So Not Funny
2358,SNM,Say No More
2359,SNR,Signal To Noise Ratio
2360,SNYK,So Now You Know
2361,SO,Significant Other Shout Out
2362,SOA,State Of Alert (band)
2363,SOAD,System Of A Down (Band)
2364,SOAG,Son Of A Gun
2365,SOG,Sea Of Green (cannabis growing)
2366,SOH,Sense Of Humor
2367,SOHF,Sense Of Humor Failure
2368,SOI,Statement of Intent
2369,SOIDH,Screenshot Or It Didn’t Happen
2370,SOMD,Sh*t On My Dick
2371,SOML,Story Of My Life
2372,SOMSW,Someone Over My Shoulder Watching
2373,SOOC,Straight Out Of Camera (not Photoshopped)
2374,SOOD,Cool
2375,SOOTB,Straight Out Of The Box
2376,SOP,Standard Operating Procedure
2377,SOPA,Stop Online Piracy Act
2378,SORN,Statutory Off Road Notification
2379,SOS,Save Our Souls (Help!)
2380,SOTA,State Of The Art
2381,SRH,Supporting Radical Habits (Clothing)
2382,SRM,Stark Raving Mad
2383,SRO,Standing Room Only
2384,SRT,Street and Racing Technology
2385,SS,Screen Shot
2386,SSA,Subject Says All
2387,SSBB,Super Smash Brothers Brawl (game)
2388,SSBHM,Super Sized
2389,SSC,"Safe, Sane, Consensual"
2390,SSD,Solid State Drive
2391,SSDD,Same Stuff Different Day
2392,SSH,Secure Shell (Unix program)
2393,SSID,Service Set Identifier
2394,SSL,Secure Socket Layer See Subject Line
2395,SSTS,Snickering Softly To Self
2396,SSWA,So Say We All
2397,STW,Search The Web
2398,STY,Same To You
2399,STYL,Speak To You Later
2400,SU,Shut Up
2401,SUAD,Shut Up And Drive
2402,SUL,See You Later
2403,SULA,Sweaty Upper Lip Alert
2404,TB,Text Back
2405,TBA,To Be Announced
2406,TBBH,To Be Brutally Honest
2407,TBBT,The Big Bang Theory (TV Show)
2408,TBC,To Be Continued
2409,TBCH,To Be Completely Honest
2410,TBD,To Be Decided
2411,TBE,To be Edited
2412,TBF,To Be Fair
2413,TBFU,Too Bad For You
2414,TBH,To Be Honest
2415,TBM,Tactical Boyfriend Mention
2416,TBMS,To Be More Specific
2417,TBNT,"Thanks, But No Thanks"
2418,TBPH,To Be Perfectly Honest
2419,TBQF,To Be Quite Frank
2420,TBQFH,To Be Quite F***ing Honest
2421,TBQH,To Be Quite Honest
2422,TBR,To Be Real
2423,TBS,Tablespoon To Be Specified
2424,TBSS,"Too Bad, So Sad"
2425,TBT,Truth Be Told
2426,TBTF,Too Big To Fail
2427,TBTG,Thanks Be To God
2428,TBTH,To Be Totally Honest
2429,TBTP,That’s Beside The Point
2430,TBU,To Be Updated
2431,TBYS,Think Before You Speak
2432,TC,Take Care
2433,TCB,Taking Care of  Business
2434,TCBY,The Country’s Best Yogurt
2435,TCCIC,Take Care ‘Cause I Care
2436,TCFC,Too Close For Comfort
2437,TCFN,Take Care For Now
2438,TCFS,Too Cool For School
2439,TCG,Trading Card Game
2440,TCGB,"Take Care, God Bless"
2441,TCK,Third Culture Kid
2442,TCL,Tool Command Language
2443,TCOB,Taking Care of Buisness
2444,TCOY,Take Care Of Yourself
2445,TCP,Transmission Control Protocol
2446,TCP/IP,Transmission Control Protocol/Internet Protocol
2447,TCTC,To Close To Call
2448,TD,Touchdown
2449,TDDUP,Til Death Do Us Part
2450,TDDWP,Til Death Do We Part
2451,TDF,To Die For
2452,TDG,Too Damn Good Three Days Grace (band)
2453,TDH,"Tall, Dark, and Handsome"
2454,TDI,Turbo Direct Injection Turbo Diesel Injection
2455,TDL,To Do List
2456,TDM,Team DeathMatch
2457,TDS,Technical Dificulties
2458,TDTF,Too Drunk to Function
2459,TDWP,The Devil Wears Prada (Band)
2460,TDY,Temporarily Deployed for a Year
2461,TEOTWAWKI,The End Of The World As We Know It
2462,TFA,Thanks For Asking
2463,TFC,Team Fortress Classic (game)
2464,TFCD,Time For Compact Disc
2465,TFFW,Too Funny For Words
2466,TFI,Thanks For the Information
2467,TFIOS,The Fault In Our Stars
2468,TFL,Tip For Life Transport For London
2469,TFLMK,Thanks For Letting Me Know
2470,TFLMS,Thanks For Letting Me Share
2471,TFLN,Texts From Last Night
2472,TFM,Total Frat Move
2473,TFMTK,That’s For Me To Know
2474,TFP,Thanks For Playing
2475,TFRM,Thanks For Reminding Me
2476,TFS,Thanks For Sharing
2477,TFT,The Frozen Throne (Warcraft III) Thin Film Transistor
2478,TFTA,Thanks For The Add
2479,TFTC,Thanks For The (Geo)Cache
2480,TFTD,Thought For The Day
2481,TFTI,Thanks For The Info
2482,TFTL,Thanks for the Link
2483,TG,Thank God Transgender Too Good
2484,TGAL,"Think Globally, Act Locally"
2485,TGE,Misspelling of ‘the’
2486,TGFG,Thank God For Google
2487,TGFI,Thank God For the Internet
2488,TGFL,Thank God For Life
2489,TGFT,Thank God For That
2490,TGI,Thank God It’s …
2491,TGIA,Thank God I’m Alive
2492,TGIAF,Thank God It’s Almost Friday
2493,TGIF,Thank God It’s Friday
2494,TGIM,Thank God It’s Monday
2495,TGIO,Thank God It’s Over
2496,TGIT,Thank God It’s Thursday
2497,TGOD,Taylor Gang Or Die
2498,TGP,Thumbnail Gallery Post
2499,TGTBT,Too Good To Be True
2500,THABTO,Two Heads Are Better Than One
2501,THWU,To Hell With You
2502,TIIC,The Idiots In Charge
2503,TINAG,This Is Not A Game
2504,TINALO,This Is Not A Legal Opinion
2505,TINAR,This Is Not A Recommendation
2506,TINSTAFL,There Is No Such Thing As Free Lunch
2507,TLA,Three Letter Acronym
2508,TLC,Tender Loving Care
2509,TLD,Top Level Domain
2510,TLDNR,Too Long; Did Not Read
2511,TLDR,Too Long; Didn’t Read
2512,TLDW,Too Long; Didn’t Watch
2513,TLGO,The List Goes On
2514,TLI,Too Little Information
2515,TLND,True Love Never Dies
2516,TLOL,Truly Laughing Out Loud
2517,TLTR,Too Long To Read
2518,TLYK,To Let You Know
2519,TM,Text Message Text Me Trademark
2520,TMA,Take My Advice
2521,TMAI,Tell Me About It
2522,TMB,Text Me Back
2523,TMBG,They Might Be Giants (band)
2524,TMBI,Tell Me ‘Bout It
2525,TME,Too Much Effort
2526,TMF,Too Much Forehead
2527,TMH,Touch My Hand
2528,TMI,Too Much Information
2529,TMK,To My Knowledge
2530,TML,Thank Me Later Text Me Later
2531,TMLT,To My Last Tweet
2532,TMM,Tell Me More
2533,TMMS,That Made Me Smile
2534,TMN,Touch Me Not
2535,TMNT,Teenage Mutant Ninja Turtles
2536,TMP,Tactical Machine Pistol
2537,TMR,Tomorrow
2538,TMRW,Tomorrow
2539,TMS,Too Much Swag(ger)
2540,TMSIDK,Tell Me Something I Don’t Know
2541,TMT,Too Much Tuna
2542,TMTC,Too Many To Count
2543,TMTH,Too Much To Handle
2544,TMTOWTDI,There’s More Than One Way To Do It
2545,TMTS,Too Much Too Soon
2546,TMTT,Too Much To Text
2547,TMY,Tell Me Why
2548,TMZ,Thirty Mile Zone (celebrity news site)
2549,TNA,Total Nonstop Action
2550,TNB,There’s Nothing Better
2551,TNBM,True Norwegian Black Metal
2552,TNF,That’s Not Funny
2553,TNG,The Next Generation (Star Trek)
2554,TNL,To Next Level
2555,TNLN,Took Nothing Left Nothing
2556,TNO,Trust No One
2557,TNOP,Totally Not Our Problem
2558,TNOT,Take Note Of That
2559,TNSL,"Took Nothing, Signed Logbook (geocaching)"
2560,TNSTAAFL,There’s No Such Thing As A Free Lunch
2561,TNT,Til Next Time
2562,TNTM,That’s News To Me
2563,TO,Time Out
2564,TOC,Table Of Contents
2565,TOD,Time Of Death Time Of Day
2566,TOEFL,Test Of English as a Foreign Language
2567,TOEIC,Test Of English for International Communication
2568,TOFT,Take One For the Team
2569,TOFTT,Take One For The Team
2570,TOH,The Other Half
2571,TOL,Thinking Out Loud Thinking Of Laughing
2572,TOM,Time Of Month
2573,TOTB,Think Outside the Box
2574,TOTD,Tip Of The Day Tweet Of The Day
2575,TOTGA,The One That Got Away
2576,TOTM,Time Of The Month
2577,TOTUS,Teleprompter Of The United States
2578,TOY,Thinking Of You
2579,TP,Toilet Paper Town Portal (diablo 2)
2580,TPAM,The Person Above Me
2581,TPB,The Pirate Bay
2582,TPE,Total Power Exchange
2583,TPK,Total Party Kill
2584,TPO,"Time, Place, Occasion"
2585,TPS,Totally pointless stuff
2586,TPT,Trailer Park Trash
2587,TPTB,The Powers That Be
2588,TR,Triple Rainbow
2589,TRAW,"Thick, Rich And White"
2590,TRDMC,Tears Running Down My Cheeks
2591,TRDMF,Tears Running Down My Face
2592,TRG,Tiny Rascal Gang
2593,TTFW,Too Tacky For Words
2594,TTG,Time To Go
2595,TTGG,Time To Go Girl
2596,TTH,Trying Too Hard
2597,TTIUWP,This Thread Is Useless Without Pictures
2598,TTIWWP,This Thread Is Worthless Without Pictures
2599,TTJASI,Take This Job And Shove It
2600,TTL,Thank The Lord Time To Live (network cache)
2601,TTM,Talk To Me
2602,TTMAB,TO THE MOON AND BACK
2603,TTML,Talk To Me Later
2604,TTO,Time To Own
2605,TTOTM,That Time Of The Month
2606,TTP,To The Point
2607,TTR,Time To Relax
2608,TTT,Third Tier Toilet (bad school)
2609,TTTE,Thomas The Tank Engine
2610,TTTH,Talk To The Hand
2611,TTTT,These Things Take Time
2612,TTTTY,Time To Talk To You
2613,TTUL,Talk To You Later
2614,TTUS,Talk To You Soon.
2615,TTUT,Talk To You Tomorrow
2616,TTUTT,To Tell You the Truth
2617,TTY,Talk To You
2618,TTYF,Talk To You Forever
2619,TTYIAB,Talk To You In A Bit
2620,TTYITM,Talk To You In The Morning
2621,TTYL,Talk To You Later
2622,TTYM,Talk to You Ma
2623,TTYN,Talk To You Never
2624,TTYRS,Talk To You Real Soon
2625,TTYS,Talk To You Soon
2626,TTYT,Talk To You Tomorrow
2627,TTYTT,To Tell You The Truth
2628,TTYVS,Talk To You Very Soon
2629,TUL,Tell You Later Text You Later
2630,TVM,Thanks Very Much
2631,TW,Trigger Warning
2632,TWAIN,Technology Without An Interesting Name
2633,TWLOHA,To Write Love On Her Arms
2634,TWOC,Taken Without Owner’s Consent
2635,TWTMC,To Whom This May Concern
2636,TWU,That’s What’s Up
2637,TWYL,Talk With You Later
2638,TWYMS,That’s What Your Mom Said
2639,TY,Thank You
2640,TYB,Try Your Best
2641,TYBG,Thank You Based God
2642,TYFAYS,Thank You For All Your Support
2643,TYFE,Thank You For Everything
2644,TYFYT,Thank You For Your Time
2645,TYG,There You Go
2646,TYJ,Thank You Jesus
2647,TYL,Text You Later
2648,TYLJ,Thank You Lord Jesus
2649,TYM,Thank You Much
2650,TYMBI,Thought You Might Be Interested
2651,TYS,Thank You Sir
2652,TYSM,Thank You So Much
2653,TYSVM,Thank You So Very Much
2654,TYT,Take Your Time
2655,TYVM,Thank You Very Much
2656,URI,"Uniform Resource Indicator, URL"
2657,URL,"Uniform Resource Locator, internet address"
2658,US,United States
2659,USA,United States of America
2660,USAF,United States Air Force
2661,USB,Universal Serial Bus
2662,USBM,United States Black Metal
2663,USC,University of Southern California
2664,USCG,United States Coast Guard
2665,USD,United States Dollar
2667,USMC,United States Marine Corps
2668,USP,Unique Selling Point
2669,USPS,United States Postal Service
2670,USS,United States Ship
2671,USSR,Union of Soviet Socialist Republics
2672,USW,Und So Weiter (German for etc)
2673,UT,Unreal Tournament
2674,UTC,Coordinated Universal Time Under The Counter
2675,UTD,Up To Date
2676,UTE,"Utility vehicle, pickup truck"
2677,UTF,Unicode Transformation Format
2678,UTFL,"Use The Force, Luke"
2679,UTH,Up The Hoods
2680,UTI,Urinary Tract Infection
2681,UTO,Unable To Obtain
2682,UTP,Up-Town Projects
2683,UTR,Under The Radar
2684,UTS,Under The Skin
2685,UTT,Under The Table
2686,UV,Unpleasant Visual
2687,UW,You’re Welcome
2688,UWS,Upper West Side (of Manhattan)
2690,UE,User Experience
2691,UY,Up Yours
2692,VA,Various Artists
2693,VBD,Very Big Deal
2694,VBG,Very Big Grin
2695,VBL,Visible Bra Line
2696,VBR,Variable Bit Rate
2697,VBS,Very Big Smile
2698,VC,Voice Chat
2699,VCARD,Virtual (online) business card
2700,VCD,Video Compact Disc
2701,VCR,Video Cassette Recorder
2702,VDU,Visual Display Unit
2703,VFM,Value For Money
2704,VG,Video Game Very Good
2705,VGA,Video Graphics Array/Adaptor
2706,VGC,Very Good Condition
2707,VGG,Very Good Game
2708,VGL,Very Good Looking
2709,VGM,Video Game Music
2710,VH1,Video Hits One (TV channel)
2711,VHF,Very High Frequency
2712,VHS,Video Home System
2713,VIBE,"Atmosphere, ambience"
2714,VID,Video
2715,VIG,Interest paid on a loan
2716,VIN,Vehicle Identification Number
2717,VIP,Very Important Person
2718,VIZ,Adult comic Namely (videlicet in Latin)
2719,VJ,Video Jockey (like   with lights and video)
2720,VLAN,Virtual Local Area Network
2721,VLSI,Very Large-Scale Integration
2722,VM,Voice Mail
2723,VMA,Video Music Awards
2724,VMI,Virginia Military Institute
2725,VN,Very Nice
2726,VNC,Virtual Network Computing
2727,VNDS,Very Near Dead Stock
2728,VNH,"Very Nice Hand (in online card games, especialy poker)"
2729,VNS,Very Nice Shot
2730,VOA,Voice Of America
2731,VOD,Video-On-Demand
2732,VOIP,Voice Over   – internet telephony
2733,VP,Vice President
2734,VPL,Visible Panty Line
2735,VPN,Virtual Private Network
2736,VR,Virtual Reality
2737,VS,"Versus, against"
2738,VT,Video Tape
2739,VTL,Visible Thong Line
2740,VTPR,View To Permanent Relationship
2741,VTR,Video Tape Recorder
2742,VV,Very Very
2743,VVN,Very Very Nice
2744,VWP,Very Well Played Very Well Put
2745,WAFWOT,What A F***ing Waste Of Time
2746,WAJ,What A Joke
2747,WAK,"Weird, awful"
2748,WAL,What A Loser
2749,WAM,Wait A Minute What A Mess
2750,WAMH,With All My Heart
2751,WAMHAS,With All My Heart And Soul
2752,WAML,With All My Love
2753,WAP,Wireless Access Point
2754,WAPCE,Women Are Pure Concentrated Evil
2755,WAREZ,Cracked/pirate software
2756,WAS,Wait And See
2757,WAY,Where Are You?
2758,WAYD,What Are You Doing
2759,WAYDRN,What Are You Doing Right Now?
2760,WAYLT,What Are You Listening To?
2761,WAYOA,What Are You On About?
2762,WAYTA,What Are You Talking About
2763,WAYWO,What Are You Working On?
2764,WBB,Will Be Back
2765,WBM,Wanna-Be Moderator
2766,WBN,Would Be Nice
2767,WBR,With Best Regards
2768,WBS,Write Back Soon
2769,WBT,Will Be There
2770,WBU,What About You?
2771,WBW,White Boy Wasted
2772,WBY,What (A)bout You?
2773,WCB,Will Call Back
2774,WCG,World Cyber Games
2775,WCIS,What Can I Say
2776,WCS,Worst Case Scenario
2777,WCW,World Championship Wrestling
2778,WCYD,What Can You Do?
2779,WD,Well Done
2780,WDE,Worst Day Ever
2781,WDFD,Whoop Dee F***ing Doo
2782,WDH,What Da Hell
2783,WDIB,Why Do I Bother?
2784,WDIC,What Do I Care?
2785,WDIM,What Does It Mean?
2786,WDITOT,Why Didn’t I Think Of That
2787,WDMB,Will Do My Best
2788,WDOML,Worst Day Of My Life
2789,WDTM,What Does That Mean?
2790,WDUD,What Do You Do?
2791,WDUM,What Do You Mean?
2792,WDUT,What Do You Think?
2793,WDW,Who Dares Wins
2794,WDY,Why Don’t You?
2795,WDYD,What Did You Do?
2796,WDYDT,Why Did You Do That? What Did You Do Today?
2797,WDYE,What Did You Expect?
2798,WDYG,Where Did You Go?
2799,WDYM,What Do You Mean?
2800,WDYMBT,What Do You Mean By That?
2801,WDYS,What Did You Say?
2802,WDYT,What Do You Think?
2803,WDYW,What Do You Want?
2804,WDYWFM,What Do You Want From Me?
2805,WDYWT,What Did You Wear Today?
2806,WDYWTTA,What Do You Want To Talk About?
2807,WEF,With Effect From
2808,WEP,Wireless Encryption Protocol
2809,WFYB,Whatever Floats Your Boat
2810,WHYB,Where Have You Been?
2811,WHYD,What Have You Done?
2812,WIA,Wounded In Action
2813,WIP,Work In Progress
2814,WIR,When It’s Ready
2815,WITH,Where In The Hell
2816,WITW,What In The World
2817,WIUWY,What Is Up With You?
2818,WIWT,What I Wore Today Wish I Was There
2819,WIWWU,Wish I Was With You
2820,WIWWY,What Is Wrong With You?
2821,WIYP,What Is Your Problem?
2822,WJD,What Jesus Did
2823,WK,White Knight
2824,WKS,Well Kept Secret
2825,WKYP,Will Keep You Posted
2826,WLM,Windows Live Messenger
2827,WLTM,Would Like To Meet
2828,WLYB,Who Loves You Baby
2829,WLYK,Will Let You Know
2830,WM,Woman Marine
2831,WMA,Windows Media Audio
2832,WMD,Weapons of Mass Destruction
2833,WMF,Wagging My Finger
2834,WMG,Warner Music Group
2835,WML,Wish Me Luck
2836,WMMOWS,Wash My Mouth Out With Soap!
2837,WMP,Windows Media Player With Much Pleasure
2838,WMV,Windows Media Video
2839,WMYB,What Makes You Beautiful
2840,WN,Why Not? What’s New?
2841,WNDITWB,We Never Did It This Way Before
2842,WNL,Within Normal Limits
2843,WNOHGB,Where No One Has Gone Before
2844,WNTT,We Need To Talk
2845,WNWY,What’s New With You?
2846,WOAT,Worst Of All Time
2847,WOB,Waste Of Bandwith
2848,WOC,Women of Color
2849,WOE,What On Earth
2850,WOF,While On Fire
2851,WOG,Offensive term for a black person A foreigner
2852,WOM,Women Over Mates
2853,WOMBAT,"Waste Of Money, Brains, And Time"
2854,WOS,Waste Of Space Wife Over Shoulder
2855,WOTAM,Waste of Time and Money
2856,WOTCHER,What are you up to?  ?
2857,WOTD,Word Of The Day
2858,WOTLK,Wrath Of The Lich King ( )
2859,WOTS,Word On The Street
2860,WP,Wrong Person Well Played
2861,WPA,Wi-Fi Protected Access
2862,WPM,Words Per Minute
2863,WPWW,White Pride World Wide
2864,WR,Warm Regards
2865,WRT,With Regard To
2866,WRU,Where Are You?
2867,WRUD,What Are You Doing?
2868,WRUTA,What Are You Talking About?
2869,WRYD,What Are You Doing?
2870,WRYTA,What Are You Talking About?
2871,WSIC,Why Should I Care?
2872,WSM,Woman Seeking Man
2873,WSP,What’s up?
2874,WSS,Why So Serious?
2875,WST,We’re Still Friends
2876,WSUL,Will See You Later
2877,WSWTA,What Shall We Talk About?
2878,WT?,What The …? or Who the …?
2879,WTA,Winner Takes All
2880,WTB,Want To Buy
2881,WTBS,With That Being Said
2882,WTC,World Trade Center What The Crap
2883,WTD,What The Deuce?
2884,WTDT,What To Do Today
2885,WTDTA,Where They Do That At?
2886,WTFT,What The French Toast (polite  )
2887,WTG,Way To Go
2888,WTGP,"Way To Go, Partner"
2889,WTGP?,Want To Go Private?
2890,WTH,What/Where/Who The Hell
2891,WTHAY,Who The Hell Are You?
2892,WTHC,Who The Hell Cares?
2893,WTHIGO,What The Hell Is Going On?
2894,WTHIT,What The Hell Is That?
2895,WTHIWWY,What The Hell Is Wrong With You?
2896,WTHN,Why The Heck Not?
2897,WTHRU,Who The Hell Are You?
2898,WTII,What time Is It?
2899,WTK,Want To Know
2900,WTL,Will Talk Later
2901,WTLW,Welcome To Last Week
2902,WTM,What’s The Matter?
2903,WTMI,Way Too Much Information
2904,WTML,Welcome To My Life
2905,WTMW,Welcome To My World
2906,WTO,World Trade Organization
2907,WTP,What’s The Point?
2908,WTT,Want To Trade
2909,WTTC,Welcome To The club
2910,WTTIR,When The Time Is Right
2911,WTTJ,Welcome To The Jungle
2912,WTTM,Without Thinking Too Much
2913,WTW,Walk Through Walls (gaming) Walk this Way
2914,WTY,"Why, Thank You"
2915,WTYO,Whatever Turns You On
2916,WUCIWUG,What You See Is What You Get
2917,WUD,What You Doing?
2918,WUF,Where are you from?
2919,WUG,What You Got? Where You Going?
2920,WUGOWM,Will You Go Out With Me?
2921,WUL,Watched User List
2922,WULA,What’re you Looking At?
2923,WULLNP,Wishing You Long Life And Prosperity
2924,WUM,Woman Wind-Up Merchant
2925,WUW,What You Want?
2926,WUWCB,What do You Want to Chat about?
2927,WUWH,Wish You Were Here
2928,WUWT,What’s Up With That
2929,WUWTA,What You Wanna Talk About?
2930,WUWTB,What You Wanna Talk ‘Bout?
2931,WUWU,What’s Up With You?
2932,WW,White Widow (strong marijuana) White Woman
2933,WWA,Wiggers with attitude
2934,WWBD,What Would Batman Do?
2935,WWCND,What Would Chuck Norris Do?
2936,WWE,World Wrestling Entertainment
2937,WWF,World Wildlife Fund World Wrestling Federation (now WWE)
2938,WWIC,Why Would I Care?
2939,WWIT,What Was I Thinking?
2940,WWJBD,What Would Jason Bourne Do?
2941,WWJD,What Would Jesus Do?
2942,WWJP,What Would Jesus Post?
2943,WWOTW,Wicked Witch Of The West
2944,WWTBAM,Who Wants To Be A Millionaire?
2945,WWU,Where Were You?
2946,WWW,World Wide Web
2947,WWWY,What’s Wrong With You?
2948,WWY,Where Were You?
2949,WWYD,What Would You Do?
2950,WWYDT,Why Would You Do That?
2951,WYA,Where You At?
2952,WYATB,Wish You All The Best
2953,WYB,Watch Your Back
2954,WYBD,What’ve You Been Doing?
2955,WYBMV,Will You Be My Valentine?
2956,WYCM,Will You Call Me?
2957,WYD,What You Doing?
2958,WYDN,What You Doing Now?
2959,WYF,What’s Your Favorite …?
2960,WYG,What You Get
2961,WYGOWM,Will You Go Out With Me?
2962,WYK,Would You Kindly
2963,WYL,Whatever You Like
2964,WYLABOCTGWTR,Would You Like A Bowl Of Cream To Go With That Remark?
2965,WYLASOMWTC,Would You Like A Saucer Of Milk With That Comment?
2966,WYLION,Whether You Like It Or Not
2967,WYLSCWTW,Would You Like Some Cheese With That Whine?
2968,WYLT,What You Listening To?
2969,WYM,Watch Your Mouth What You Mean?
2970,WYMM,Will You Marry Me?
2971,WYN,What’s Your Name?
2972,WYP,What’s Your Problem? What’s Your Point?
2973,WYR,Would You Rather
2974,WYS,What You Said
2975,WYSIWYG,What You See Is What You Get
2976,WYTA,What You Talking About?
2977,WYUT,What You Up To
2978,WYW,Whatever You Want
2979,WYWH,Wish You Were Here
2980,WYWTA,What You Wanna Talk About
2981,YAGB,You Ain’t Grizz Baby ( )
2982,YALA,You Always Live Again
2983,YANA,You Are Not Alone
2984,YATB,You Are The Best
2985,YATK,You Are Too Kind
2986,YATLOML,You Are The Love Of My Life
2987,YAVW,You Are Very Welcome
2988,YAW,You Are Welcome
2989,YBS,You’ll Be Sorry
2990,YBTJ,You Be The Judge
2991,YBW,You’ve Been Warned
2992,YBWM,You Belong With Me
2993,YCMIU,You Couldn’t Make It Up
2994,YCMU,You Crack Me Up
2995,YDEK,You Don’t Even Know
2996,YDI,You Deserve It
2997,YDK,You Don’t Know
2998,YDL,Yellow Dog Linux
2999,YDMS,You Don’t Make Sense
3000,YDMT,You Don’t Mean That
3001,YDS,You Don’t Say
3002,YDU,You Don’t Understand
3003,YF,Your Friend
3004,YFW,Your Face When …
3005,YG,Young Gangster
3006,YGG,You Go Girl
3007,YGI,You Got It
3008,YGLT,You’re Gonna Love This
3009,YGM,You Get Me? You’ve Got Mail
3010,YGPM,You’ve Got Private Message
3011,YGTBK,You’ve Got To Be Kidding
3012,YGTBKM,You’ve Got To Be Kidding Me
3013,YGTI,You Get The Idea
3014,YGTR,You Got That Right
3015,YHA,Youth Hostel Association
3016,YHBT,You Have Been Trolled
3017,YHBW,You Have Been Warned
3018,YHGASP,You Have Got A Serious Problem
3019,YHL,You Have Lost
3020,YHM,You Have Mail
3021,YHNI,You Have No Idea
3022,YHTBT,You Had To Be There
3023,YID,Yes I Do
3024,YIK,"Yes, I Know"
3025,YITB,Yours In The Bond
3026,YITE,Are You All Right?
3027,YJLTG,You Just Lost The Game
3028,YK,You’re Kidding
3029,YKHII,You Know How It Is
3030,YKIMS,You Know It Makes Sense
3031,YKTR,You Know the Rest
3032,YKW,You Know Who
3033,YKWIM,You Know What I Mean
3034,YKWIS,You Know What I’m Saying?
3035,YKYLM,You Know You Love Me
3036,YL,Young Lady
3037,YLI,You Love It
3038,YLM,You Love Me?
3039,YLOD,Yellow Light Of Death
3040,YLYL,You Laugh You Lose
3041,YM,Yahoo Messenger Your Mom
3042,YMBJ,You Must Be Joking
3043,YMCA,Young Mens Christian Association
3044,YMCMB,Young Money Cash Money Billionaires
3045,YMMD,You Made My Day
3046,YMML,You Make Me Laugh
3047,YMMS,You Make Me Smile
3048,YMMV,Your Mileage May Vary
3049,YMW,You’re Most Welcome
3050,YNK,You Never Know
3051,YNW,You’re Not Welcome
3052,YNWA,You’ll Never Walk Alone
3053,YOLF,You Only Live Forever
3054,YOLO,You Only Live Once
3055,YOMB,You Owe Me Big
3056,YOYO,You’re On Your Own
3057,YP,"Your Problem Yes, Please"
3058,YQW,You’re Quite Welcome
3059,YR,"Yea, Right."
3060,YRG,You Are Good!
3061,YRMV,Your Results May Vary
3062,YRO,Your Rights Online
3063,YRU,Why Are You…?
3064,YSC,Your So Cute
3065,YSI,You Stupid Idiot
3066,YSK,You Should Know
3067,YSMTU,You So Made That Up
3068,YSS,You Suck Severely
3069,YSVW,You’re So Very Welcome
3070,YSYL,"You Snooze, You Loose"
3071,YT?,You Think ?
3072,YTB,You’re The Best
3073,YTD,Year To Date
3074,YTM,You’re The Man
3075,YTML,You’ll Thank Me Later
3076,YTMND,"You’re The Man Now, Dog (website)"
3077,YTO,You’re The One
3078,YTP,YouTube Poop
3079,YTTM,You Talk Too Much You Talking To Me?
3080,YUM,Said when something tastes good or is attractive
3081,YVW,You’re Very Welcome
3082,YW,You’re Welcome
3083,YWCA,Young Women’s Christian Association
3084,YWIMC,Your Wish Is My Command
3085,YWSYLS,"You Win Some, You Lose Some"
3086,YWU?,Yo Waz Up?
